-- phpMyAdmin SQL Dump
-- version 4.6.5.2
-- https://www.phpmyadmin.net/
--
-- Host: 127.0.0.1
-- Generation Time: Apr 16, 2018 at 02:13 PM
-- Server version: 10.1.21-MariaDB
-- PHP Version: 5.6.30

SET SQL_MODE = "NO_AUTO_VALUE_ON_ZERO";
SET time_zone = "+00:00";


/*!40101 SET @OLD_CHARACTER_SET_CLIENT=@@CHARACTER_SET_CLIENT */;
/*!40101 SET @OLD_CHARACTER_SET_RESULTS=@@CHARACTER_SET_RESULTS */;
/*!40101 SET @OLD_COLLATION_CONNECTION=@@COLLATION_CONNECTION */;
/*!40101 SET NAMES utf8mb4 */;

--
-- Database: `vacation`
--

-- --------------------------------------------------------

--
-- Table structure for table `contract`
--

CREATE TABLE `contract` (
  `ID` int(11) NOT NULL,
  `contractType` varchar(150) NOT NULL
) ENGINE=InnoDB DEFAULT CHARSET=utf8;

--
-- Dumping data for table `contract`
--

INSERT INTO `contract` (`ID`, `contractType`) VALUES
(1, 'دائم'),
(2, 'مؤقت'),
(3, 'مكافأة شاملة'),
(4, 'إعارة'),
(5, 'ندب'),
(6, 'تكليف');

-- --------------------------------------------------------

--
-- Stand-in structure for view `empdata`
-- (See below for the actual view)
--
CREATE TABLE `empdata` (
`ID` int(11) unsigned
,`emp_code` int(10)
,`emp_name` varchar(150)
,`desc_job` varchar(200)
,`management` varchar(200)
,`activeStatus` varchar(15)
,`shift` varchar(20)
,`g_management` varchar(200)
,`job` varchar(250)
,`level` varchar(100)
,`contract` varchar(150)
);

-- --------------------------------------------------------

--
-- Table structure for table `managements`
--

CREATE TABLE `managements` (
  `ID` int(11) NOT NULL,
  `Management` varchar(200) NOT NULL
) ENGINE=InnoDB DEFAULT CHARSET=utf8;

--
-- Dumping data for table `managements`
--

INSERT INTO `managements` (`ID`, `Management`) VALUES
(1, 'اجهزة المعاونة'),
(2, 'التكنولوجيا و التطوير و الدراسات'),
(3, 'تخطيط الانتاج'),
(4, 'الهندسية'),
(5, 'الزيوت و الخلط و التعبئة'),
(6, 'الوحدات المساعدة و صب الشموع'),
(7, 'المالية'),
(8, 'الأمن'),
(9, 'التقطير التفريغى وانتاج السولار'),
(10, 'التسويق و المبيعات'),
(11, 'الامانة العامة لمجلس الادارة'),
(12, 'الاعلام و الاتصالات الخارجية'),
(13, 'الصيانة'),
(14, 'الهندسة المدنية'),
(15, 'المعامل الكيماوية'),
(16, 'السلامة والصحة المهنية وحماية البيئة'),
(17, 'الاستثمار'),
(18, 'المرافق و التسهيلات'),
(19, 'الهندسة الكهربائية'),
(20, 'الإدارية'),
(21, 'الطبية'),
(22, 'المهمات'),
(23, 'متابعة انشطة التشغيل و تاكيد الجودة'),
(24, 'المكتب الفنى لرئيس مجلس الادارة و العضو المنتدب'),
(25, 'هندسة التحكم الالى'),
(26, 'التنظيم و تخطيط الموارد البشرية'),
(27, 'التدريب و تنمية الموارد البشرية'),
(28, 'الشئون القانونية'),
(29, 'مساعد رئيس الشركة للهندسة الكهربائية و التحكم الالى');

-- --------------------------------------------------------

--
-- Table structure for table `t_active`
--

CREATE TABLE `t_active` (
  `ID` int(11) NOT NULL,
  `active` varchar(15) NOT NULL COMMENT 'active employee or not'
) ENGINE=InnoDB DEFAULT CHARSET=utf8;

--
-- Dumping data for table `t_active`
--

INSERT INTO `t_active` (`ID`, `active`) VALUES
(1, 'بالخدمة'),
(2, 'خارج الخدمة');

-- --------------------------------------------------------

--
-- Table structure for table `t_case`
--

CREATE TABLE `t_case` (
  `ID` int(2) UNSIGNED NOT NULL,
  `case_desc` varchar(25) NOT NULL COMMENT 'type of vacation',
  `az` int(11) DEFAULT NULL COMMENT 'order of vacation'
) ENGINE=InnoDB DEFAULT CHARSET=utf8;

--
-- Dumping data for table `t_case`
--

INSERT INTO `t_case` (`ID`, `case_desc`, `az`) VALUES
(1, 'سنوى', 0),
(2, 'عارضة', 0),
(3, 'بدل راحات', NULL),
(4, 'بدل ساعات', NULL),
(5, 'بدل ساعات جديدة', NULL),
(6, 'بدل راحات قديم', NULL),
(7, 'بدل راحات جديد', NULL),
(8, 'بدل راحات نوبطجى', NULL);

-- --------------------------------------------------------

--
-- Table structure for table `t_data`
--

CREATE TABLE `t_data` (
  `ID` int(11) UNSIGNED NOT NULL,
  `emp_code` int(10) NOT NULL,
  `emp_name` varchar(150) NOT NULL,
  `contract_type` int(11) NOT NULL,
  `id_job` int(11) NOT NULL COMMENT 'job name',
  `desc_job` varchar(200) NOT NULL COMMENT 'current job',
  `level_id` int(11) NOT NULL,
  `management` varchar(200) NOT NULL,
  `g_management_id` int(11) NOT NULL,
  `day_night` int(11) NOT NULL,
  `active` int(11) NOT NULL,
  `Password` varchar(255) NOT NULL DEFAULT '1234567',
  `id_userGroup` int(11) NOT NULL DEFAULT '4'
) ENGINE=InnoDB DEFAULT CHARSET=utf8;

--
-- Dumping data for table `t_data`
--

INSERT INTO `t_data` (`ID`, `emp_code`, `emp_name`, `contract_type`, `id_job`, `desc_job`, `level_id`, `management`, `g_management_id`, `day_night`, `active`, `Password`, `id_userGroup`) VALUES
(1, 7014, 'عمرو مصطفى كامل سيد حسن', 4, 1, 'رئيس مجلس الإدارة والعضو المنتدب', 1, 'الاجهزة المعاونة', 1, 1, 1, 'f7c3bc1d808e04732adf679965ccc34ca7ae3441', 2),
(2, 26, 'أمال مرسي محمد السيد', 1, 2, 'مساعد رئيس الشركة للتكنولوجيا و التطوير و الدراسات ( ندب )', 1, 'التكنولوجيا و التطوير و الدراسات', 2, 1, 1, '20eabe5d64b0e216796e834f52d61fd0b70332fc', 2),
(3, 32, 'لطفي عبد الرحيم الراوي محمد', 1, 2, 'مساعد رئيس الشركة لتخطيط الانتاج', 1, 'تخطيط الانتاج', 3, 1, 1, '20eabe5d64b0e216796e834f52d61fd0b70332fc', 2),
(4, 33, 'محمود حامد أحمد شبارة', 1, 2, 'مساعد رئيس الشركة للشئون الهندسية', 1, 'الهندسية', 4, 1, 1, '20eabe5d64b0e216796e834f52d61fd0b70332fc', 2),
(5, 34, 'موسى أحمد إبراهيم عبد العال جاب الله', 1, 2, 'مساعد رئيس الشركة للزيوت و الشموع ( ندب )', 1, 'الزيوت و الخلط و التعبئة', 5, 1, 1, '20eabe5d64b0e216796e834f52d61fd0b70332fc', 1),
(6, 35, 'حاتم عثمان أحمد أبو الوفا', 1, 3, 'مدير عام الوحدات المساعدة و صب الشموع', 1, 'الوحدات المساعدة و صب الشموع', 6, 1, 1, '20eabe5d64b0e216796e834f52d61fd0b70332fc', 2),
(7, 36, 'خالد محمد رافت احمد حرب', 1, 2, 'مساعد رئيس الشركة للشئون المالية ( ندب )', 1, 'المالية', 7, 1, 1, '20eabe5d64b0e216796e834f52d61fd0b70332fc', 2),
(8, 37, 'على محمود السيد سالم', 1, 3, 'مدير عام الامن', 1, 'الأمن', 8, 1, 1, '20eabe5d64b0e216796e834f52d61fd0b70332fc', 2),
(9, 40, 'أحمد مصطفى اللبان', 1, 4, 'مدير إدارة الصيانة و مستلزمات الحاسب', 2, 'نظم و تكنولوجيا المعلومات', 1, 1, 1, '20eabe5d64b0e216796e834f52d61fd0b70332fc', 1),
(10, 41, 'محمد عبد السيد عبد السلام الزقم', 1, 3, 'مدير عام التقطير التفريغى و انتاج السولار', 1, 'التقطير التفريغى وانتاج السولار', 9, 1, 1, '20eabe5d64b0e216796e834f52d61fd0b70332fc', 2),
(11, 42, 'راندا محمد حسن شهاب', 1, 3, 'مدير عام بالادارة العامة للتسويق و المبيعات ( ندب )', 1, 'التسويق و المبيعات', 10, 1, 1, '20eabe5d64b0e216796e834f52d61fd0b70332fc', 2),
(12, 43, 'صافيناز جمعة محمود مبروك', 1, 5, 'مدير عام مساعد التسويق و المبيعات', 1, 'التسويق و المبيعات', 10, 1, 1, '20eabe5d64b0e216796e834f52d61fd0b70332fc', 2),
(13, 44, 'عمرو إبراهيم إبراهيم بن', 1, 4, 'مدير إدارة سكرتارية شئون مجلس الإدارة', 2, 'سكرتارية شئون مجلس الإدارة', 11, 1, 1, '20eabe5d64b0e216796e834f52d61fd0b70332fc', 1),
(14, 47, 'رانيا محمود عبد الرحمن برهام المالكى', 1, 5, 'مدير عام مساعد الاعلام و التسويق الالكترونى', 1, 'الاعلام و التسويق الالكترونى', 12, 1, 1, '20eabe5d64b0e216796e834f52d61fd0b70332fc', 2),
(15, 48, 'أحمد فتحى أحمد عبد الرازق', 1, 5, 'مدير عام مساعد صيانة المعدات الدواره و التبريد و التكييف', 1, 'صيانة المعدات الدواره و التبريد و التكييف', 13, 1, 1, '20eabe5d64b0e216796e834f52d61fd0b70332fc', 2),
(16, 49, 'ياسر أحمد محمد اكمل', 1, 5, 'مدير عام مساعد تنفيذ الاعمال المدنية', 1, 'تنفيذ الاعمال المدنية', 14, 1, 1, '87acec17cd9dcd20a716cc2cf67417b71c8a7016', 2),
(17, 51, 'كرم يوسف حسين محمد', 1, 6, 'مدير إدارة بإدارة الصيانة و الخدمات المدني', 2, 'الصيانة و الخدمات المدنية', 14, 1, 1, '20eabe5d64b0e216796e834f52d61fd0b70332fc', 2),
(18, 55, 'حسام حسن أحمد خليل', 1, 3, 'مدير عام بالادارة العامة للمعامل الكيماوية', 1, 'المعامل الكيماوية', 15, 1, 1, '20eabe5d64b0e216796e834f52d61fd0b70332fc', 2),
(19, 60, 'حسام الدين ذكى عبده محمود بركات', 1, 3, 'مدير عام السلامة و الصحة المهنية و حماية البيئة', 1, 'السلامة والصحة المهنية وحماية البيئة', 16, 1, 1, '20eabe5d64b0e216796e834f52d61fd0b70332fc', 2),
(20, 62, 'أشرف محمد عبده محمد أحمد', 1, 3, 'مدير عام التسويق و المبيعات', 1, 'التسويق و المبيعات', 10, 1, 1, '50c4660d37a08f8880b3bc2f97d2174a19fc8af6', 2),
(21, 64, 'محمد السيد محمد عبد الغفار الصردي', 1, 3, 'مدير عام الاستثمار', 1, 'الاستثمار', 17, 1, 1, '20eabe5d64b0e216796e834f52d61fd0b70332fc', 2),
(22, 65, 'عصام محمد محمد الخوالقة', 1, 3, 'مدير عام الهندسة المدنية', 1, 'الهندسة المدنية', 14, 1, 1, '77ab02270487775a0820c9214436767501a00713', 2),
(23, 69, 'محمد محمود علي ابو العلا الزيات', 1, 3, 'مدير عام الشئون المالية ( تكليف )', 1, 'المالية', 7, 1, 1, '20eabe5d64b0e216796e834f52d61fd0b70332fc', 2),
(24, 70, 'إبراهيم عبد الفتاح عبد الحفيظ عبد الله', 1, 3, 'مدير عام بالادارة العامة للصيانة ( ندب )', 1, 'التخطيط و برامج الصيانة cmms', 13, 1, 1, '5b9fe558f673d63309beb13bfa5da6c30a3ca1bf', 2),
(25, 71, 'عمرو أحمد لطفي شحاتة مرسى', 1, 3, 'مدير عام المرافق و التسهيلات', 1, 'المرافق و التسهيلات', 18, 1, 1, 'f1f83fc0b832fb84e67a52392c25376c820938b0', 2),
(26, 74, 'السيد محمد فرج عدوى', 1, 3, 'مدير عام بالادارة العامة للسلامة و الصحة المهنية و حماية البيئة', 1, 'السلامة والصحة المهنية وحماية البيئة', 16, 1, 1, '20eabe5d64b0e216796e834f52d61fd0b70332fc', 2),
(27, 78, 'يوسف عبد الله محمد يوسف', 1, 3, 'مدير عام الهندسة الكهربائية ( ندب )', 1, 'الهندسة الكهربائية', 19, 1, 1, '20eabe5d64b0e216796e834f52d61fd0b70332fc', 2),
(28, 79, 'محمد أحمد محمد منسى', 1, 5, 'مدير عام مساعد الصيانة الكهربائية', 1, 'الصيانة الكهربائية', 19, 1, 1, '20eabe5d64b0e216796e834f52d61fd0b70332fc', 2),
(29, 81, 'ريهام محمد بهجت فتحى خالد عتيبة', 1, 3, 'مدير عام الامانة العامة لمجلس الادارة ( ندب )', 1, 'الامانة العامة لمجلس الادارة', 11, 1, 1, '20eabe5d64b0e216796e834f52d61fd0b70332fc', 2),
(30, 82, 'عمرو محمد ممدوح محمد امارة', 1, 3, 'مدير عام بالادارة العامة للشئون المالية ( ندب )', 1, 'المالية', 7, 1, 1, '20eabe5d64b0e216796e834f52d61fd0b70332fc', 2),
(31, 83, 'عمرو علي علي سعيد', 1, 5, 'مدير عام مساعد بالادارة العامة للشئون الادارية ( ندب )', 1, 'المزايا و التعويضات', 20, 1, 1, '20eabe5d64b0e216796e834f52d61fd0b70332fc', 2),
(32, 84, 'السيد مصطفى الغنيمي أحمد', 1, 4, 'مدير إدارة السجلات و الملفات الطبية', 2, 'السجلات و الملفات الطبية', 21, 1, 1, '20eabe5d64b0e216796e834f52d61fd0b70332fc', 1),
(33, 85, 'مصطفى عبد السلام عبد العليم عبد السلام', 1, 3, 'مدير عام بالادارة العامة للتقطير التفريغى و انتاج السولار', 1, 'التقطير التفريغى وانتاج السولار', 9, 1, 1, '20eabe5d64b0e216796e834f52d61fd0b70332fc', 2),
(34, 86, 'محمد صالح بسيوني الشافعي صالح', 1, 3, 'مدير عام بالادارة العامة للشئون المالية', 1, 'المالية', 7, 1, 1, '20eabe5d64b0e216796e834f52d61fd0b70332fc', 2),
(35, 88, 'إبراهيم على عبد الحميد الشرقاوى', 1, 4, 'مدير إدارة صيانة معدات مكافحة الحريق', 2, 'مكافحة الحريق و تقليل الخسائر', 16, 1, 1, '20eabe5d64b0e216796e834f52d61fd0b70332fc', 1),
(36, 89, 'محمد أحمد جابر البراوى', 1, 3, 'مدير عام بالادارة العامة لتخطيط الانتاج', 1, 'تخطيط الانتاج', 3, 1, 1, '20eabe5d64b0e216796e834f52d61fd0b70332fc', 2),
(37, 90, 'حسن هشام مصطفى دغيم', 1, 5, 'مدير عام مساعد بالادارة العامة للمهمات', 1, 'المشتريات المحلية', 22, 1, 1, '20eabe5d64b0e216796e834f52d61fd0b70332fc', 2),
(38, 91, 'عماد عبد الرحيم حسين على', 1, 3, 'مدير عام الصيانة ( ندب )', 1, 'الصيانة', 13, 1, 1, 'b986415c93241513d33d01fcf532a6c47ac4f3ee', 2),
(39, 94, 'أحمد راشد محمد عبد اللطيف', 1, 6, 'مدير إدارة بإدارة ازالة العطريات و الحزام الساخن', 2, 'ازالة العطريات و الحزام الساخن', 5, 1, 1, '20eabe5d64b0e216796e834f52d61fd0b70332fc', 2),
(40, 96, 'نهلة منير أحمد الجندي', 1, 3, 'مدير عام متابعة انشطة التشغيل و تاكيد الجودة', 1, 'متابعة انشطة التشغيل و تاكيد الجودة', 23, 1, 1, '454ddfae7e4a7a2a796e042def57d89f69fda768', 2),
(41, 100, 'مدحت أحمد هويدى أحمد', 1, 4, 'مدير إدارة سكرتارية رئيس مجلس الادارة و العضو المنتدب', 2, 'سكرتارية رئيس مجلس الإدارة و العضو المنتدب', 11, 1, 1, '20eabe5d64b0e216796e834f52d61fd0b70332fc', 1),
(42, 101, 'رفعت جلبي اسماعيل جلبي', 1, 6, 'مدير إدارة بإدارة حركة النقل', 2, 'النقل', 4, 1, 1, '20eabe5d64b0e216796e834f52d61fd0b70332fc', 2),
(43, 102, 'خالد محمد عادل حسين عبد الجواد', 1, 5, 'مدير عام مساعد الخدمات الادارية و الاجتماعية', 1, 'الخدمات الادارية و الاجتماعية', 1, 1, 1, '20eabe5d64b0e216796e834f52d61fd0b70332fc', 2),
(44, 103, 'عمرو محمد نور الدين الكباريتى', 1, 3, 'مدير عام بالادارة العامة للشئون المالية ( ندب )', 1, 'المالية', 7, 1, 1, '20eabe5d64b0e216796e834f52d61fd0b70332fc', 2),
(45, 104, 'ياسر زغلول محمد على', 1, 3, 'مدير عام المهمات ( ندب )', 1, 'المهمات', 22, 1, 1, '20eabe5d64b0e216796e834f52d61fd0b70332fc', 2),
(46, 105, 'جمال الدين فاضل مصطفى إبراهيم ابو سنة', 1, 3, 'مدير عام المكتب الفنى لرئيس مجلس الادارة و العضو المنتدب', 1, 'المكتب الفنى لرئيس مجلس الادارة و العضو المنتدب', 24, 1, 1, '20eabe5d64b0e216796e834f52d61fd0b70332fc', 2),
(47, 106, 'إياد وجدى محمود منسى', 1, 3, 'مدير عام التكنولوجيا و التطوير والدراسات ( ندب )', 1, 'التكنولوجيا و التطوير و الدراسات', 2, 1, 1, '20eabe5d64b0e216796e834f52d61fd0b70332fc', 2),
(48, 107, 'هانى أحمد كمال شاكر قلينى', 1, 5, 'مدير عام مساعد دراسات تقييم الخامات و ترشيد الطاقة', 1, 'دراسات تقييم الخامات و ترشيد الطاقة', 2, 1, 1, '20eabe5d64b0e216796e834f52d61fd0b70332fc', 2),
(49, 108, 'محمد سعيد محمد مرسى', 1, 6, 'مدير إدارة بإدارة الاستعلامات و برامج الامن', 2, 'امن الخطط و المعلومات', 8, 1, 1, '20eabe5d64b0e216796e834f52d61fd0b70332fc', 2),
(50, 110, 'عادل أحمد عبد الراضى', 1, 6, 'مدير إدارة بإدارة تشغيل المحطات الكهربائية', 2, 'المحطات الكهربائية', 19, 1, 1, '20eabe5d64b0e216796e834f52d61fd0b70332fc', 2),
(51, 111, 'مهدى محمد السيد شحاته', 1, 4, 'مدير إدارة المراقبة المركزية للهندسة الكهربائية ورادى', 2, 'المراقبة المركزية للهندسة الكهربائية ورادى', 19, 2, 1, '20eabe5d64b0e216796e834f52d61fd0b70332fc', 1),
(52, 112, 'محمد حسين محمود بلال', 1, 4, 'مدير إدارة المراقبة المركزية للهندسة الكهربائية ورادى', 2, 'المراقبة المركزية للهندسة الكهربائية ورادى', 19, 2, 1, '20eabe5d64b0e216796e834f52d61fd0b70332fc', 1),
(53, 113, 'منى لطفى كامل عزيز', 1, 3, 'مدير عام الشئون الهندسية ( ندب )', 1, 'الهندسية', 4, 1, 1, 'a4e2d0af2bb99453d84920a87f23ac1e2a204e0a', 2),
(54, 114, 'حازم اسماعيل على عرفات', 1, 4, 'مدير إدارة المخازن', 2, 'المخازن', 22, 1, 1, '20eabe5d64b0e216796e834f52d61fd0b70332fc', 1),
(55, 117, 'عادل أمين حسين محمود', 1, 5, 'مدير عام مساعد بالادارة العامة لتخطيط الانتاج', 1, 'حركة منتجات الشركة', 3, 1, 1, '20eabe5d64b0e216796e834f52d61fd0b70332fc', 2),
(56, 118, 'محمد شعبان أحمد عثمان', 1, 5, 'مدير عام مساعد بالادارة العامة للزيوت و الخلط و التعبئة', 1, 'الضواغط و استرجاع المذيب', 5, 1, 1, '20eabe5d64b0e216796e834f52d61fd0b70332fc', 2),
(57, 120, 'أحمد أحمد حلمى عبد المحسن الشرقاوى', 1, 5, 'مدير عام مساعد بالادارة العامة للوحدات المساعدة و صب الشموع', 1, 'صب و تغليف الشموع', 6, 1, 1, '20eabe5d64b0e216796e834f52d61fd0b70332fc', 2),
(58, 121, 'خميس حسن أحمد معروف', 1, 5, 'مدير عام مساعد بالادارة العامة للزيوت و الخلط و التعبئة', 1, 'الخلط و الاضافات و تعبئة الزيوت', 5, 1, 1, '20eabe5d64b0e216796e834f52d61fd0b70332fc', 2),
(59, 122, 'حمدى السيد عبد القادر صالح', 1, 5, 'مدير عام مساعد بالادارة العامة للزيوت و الخلط و التعبئة', 1, 'الزيوت و الخلط و التعبئة', 5, 1, 1, '20eabe5d64b0e216796e834f52d61fd0b70332fc', 2),
(60, 123, 'على عمر عبد الحافظ عمر', 1, 5, 'مدير عام مساعد بالادارة العامة للسلامة و الصحة المهنية و حماية البيئة', 1, 'السلامة والصحة المهنية وحماية البيئة', 16, 1, 1, '20eabe5d64b0e216796e834f52d61fd0b70332fc', 2),
(61, 124, 'عصام على على سعيد', 1, 5, 'مدير عام مساعد بالادارة العامة لتخطيط الانتاج', 1, 'تخطيط الانتاج', 3, 1, 1, '20eabe5d64b0e216796e834f52d61fd0b70332fc', 2),
(62, 126, 'إبراهيم عبد الحميد محمد متولى', 1, 5, 'مدير عام مساعد بالادارة العامة للسلامة و الصحة المهنية و حماية البيئة ( ندب )', 1, 'السلامة والصحة المهنية وحماية البيئة', 16, 1, 1, '20eabe5d64b0e216796e834f52d61fd0b70332fc', 2),
(63, 127, 'الشربينى ياسين أمين عبد الله', 1, 2, 'مساعد رئيس الشركة للشئون الادارية', 1, 'الإدارية', 20, 1, 1, '3bc61e796c3512cd22045d0535c656a7d271bd64', 2),
(64, 128, 'محمد جبر جابر محمد عبد العال', 1, 5, 'مدير عام مساعد بالادارة العامة للوحدات المساعدة و صب الشموع', 1, 'هدرجة الزيوت و الشموع', 6, 1, 1, '20eabe5d64b0e216796e834f52d61fd0b70332fc', 2),
(65, 130, 'طارق فاروق أحمد متولى', 1, 5, 'مدير عام مساعد بالادارة العامة للتقطير التفريغى و انتاج السولار ( ندب )', 1, 'التقطير التفريغى وانتاج السولار', 9, 1, 1, '20eabe5d64b0e216796e834f52d61fd0b70332fc', 2),
(66, 131, 'عطية محمد عيسى احمد حسب الله', 1, 5, 'مدير عام مساعد بالادارة العامة للوحدات المساعدة و صب الشموع', 1, 'هدرجة الزيوت و الشموع', 6, 1, 1, '20eabe5d64b0e216796e834f52d61fd0b70332fc', 2),
(67, 132, 'مرسى مصطفى محمد أبو عيسى', 1, 5, 'مدير عام مساعد بالادارة العامة للوحدات المساعدة و صب الشموع ( ندب )', 1, 'صب و تغليف الشموع', 6, 1, 1, '20eabe5d64b0e216796e834f52d61fd0b70332fc', 2),
(68, 133, 'جمال محمد نصار محمد منصور', 1, 5, 'مدير عام مساعد بالادارة العامة للزيوت و الخلط و التعبئة ( ندب )', 1, 'التغذية و التبريد و الترشيح و طلمبات الخلخلة', 5, 1, 1, '20eabe5d64b0e216796e834f52d61fd0b70332fc', 2),
(69, 134, 'جمال عبد الحميد أحمد سالم', 1, 5, 'مدير عام مساعد بالادارة العامة للمرافق و التسهيلات ( ندب )', 1, 'المرافق و التسهيلات', 18, 1, 1, '20eabe5d64b0e216796e834f52d61fd0b70332fc', 2),
(70, 135, 'أحمد عبد المنعم حسين البنان', 1, 5, 'مدير عام مساعد بالادارة العامة للتقطير التفريغى و انتاج السولار ( ندب )', 1, 'التقطير التفريغى وانتاج السولار', 9, 1, 1, '20eabe5d64b0e216796e834f52d61fd0b70332fc', 2),
(71, 136, 'أبو بكر أحمد كيلانى محمود', 1, 5, 'مدير عام مساعد بالادارة العامة للسلامة و الصحة المهنية و حماية البيئة ( ندب )', 1, 'السلامة والصحة المهنية وحماية البيئة', 16, 1, 1, '20eabe5d64b0e216796e834f52d61fd0b70332fc', 2),
(72, 138, 'عوض السيد طه فرج', 1, 6, 'مدير إدارة بإدارة الخلط و الاضافات', 2, 'الخلط و الاضافات و تعبئة الزيوت', 5, 1, 1, '20eabe5d64b0e216796e834f52d61fd0b70332fc', 2),
(73, 139, 'مصطفى سلامة سالم سلامة', 1, 6, 'مدير إدارة \" ورادى \" بإدارة ازالة العطريات و الحزام الساخن', 2, 'ازالة العطريات و الحزام الساخن', 5, 1, 1, '20eabe5d64b0e216796e834f52d61fd0b70332fc', 2),
(74, 140, 'محمد عبد السلام محمد منصور', 1, 6, 'مدير إدارة \" ورادى \" بإدارة ازالة العطريات و الحزام الساخن', 2, 'ازالة العطريات و الحزام الساخن', 5, 1, 1, '20eabe5d64b0e216796e834f52d61fd0b70332fc', 2),
(75, 141, 'على شعبان حسن السبخى', 1, 6, 'مدير إدارة \" ورادى \" بإدارة المراقبة المركزية ورادى', 2, 'المرافق و التسهيلات', 18, 1, 1, '20eabe5d64b0e216796e834f52d61fd0b70332fc', 2),
(76, 142, 'عمرو عبد المنعم نصر الطيبانى', 1, 3, 'مدير عام بالادارة العامة للامن', 1, 'الأمن', 8, 1, 1, '20eabe5d64b0e216796e834f52d61fd0b70332fc', 2),
(77, 143, 'محمد محمود أحمد على', 1, 4, 'مدير إدارة المراقبة المركزية ورادى', 2, 'الزيوت و الخلط و التعبئة', 5, 1, 1, '20eabe5d64b0e216796e834f52d61fd0b70332fc', 1),
(78, 144, 'زكريا على زكريا على', 1, 6, 'مدير إدارة بإدارة التغذية و التبريد و الترشيح و طلمبات الخلخلة', 2, 'التغذية و التبريد و الترشيح و طلمبات الخلخلة', 5, 1, 1, '20eabe5d64b0e216796e834f52d61fd0b70332fc', 2),
(79, 145, 'جويدة على جويدة عبد الله', 1, 3, 'مدير عام الزيوت و الخلط و التعبئة ( تكليف )', 1, 'الزيوت و الخلط و التعبئة', 5, 1, 1, '20eabe5d64b0e216796e834f52d61fd0b70332fc', 2),
(80, 146, 'عمر فرج محمد الصاوى', 1, 6, 'مدير إدارة \" ورادى \" بإدارة ازالة العطريات و الحزام الساخن', 2, 'ازالة العطريات و الحزام الساخن', 5, 1, 1, '20eabe5d64b0e216796e834f52d61fd0b70332fc', 2),
(81, 147, 'إيهاب أحمد عبد الحليم مبروك', 1, 3, 'مدير عام تخطيط الانتاج', 1, 'تخطيط الانتاج', 3, 1, 1, '20eabe5d64b0e216796e834f52d61fd0b70332fc', 2),
(82, 148, 'خالد عبد الفتاح محمد', 1, 3, 'مدير عام بالادارة العامة لتخطيط الانتاج', 1, 'تخطيط الانتاج', 3, 1, 1, '20eabe5d64b0e216796e834f52d61fd0b70332fc', 2),
(83, 150, 'حسام الدين محمد توفيق سليمه', 1, 4, 'مدير إدارة المراقبة المركزية ورادى', 2, 'التقطير التفريغى', 9, 1, 1, '20eabe5d64b0e216796e834f52d61fd0b70332fc', 1),
(84, 151, 'ياسر عبد الله محمود يقطين', 1, 3, 'مدير عام بالادارة العامة لمتابعة انشطة التشغيل و تاكيد الجودة ( ندب )', 1, 'متابعة انشطة التشغيل و تاكيد الجودة', 23, 1, 1, '20eabe5d64b0e216796e834f52d61fd0b70332fc', 2),
(85, 152, 'محمد كامل مبروك عبده', 1, 5, 'مدير عام مساعد بالإدارة العامة لهندسة التحكم الآلى', 1, 'صيانة اجهزة التحكم الالى', 25, 1, 1, '20eabe5d64b0e216796e834f52d61fd0b70332fc', 2),
(86, 153, 'محمد على على كتات', 1, 5, 'مدير عام مساعد متابعة الزيوت و الشموع', 1, 'متابعة الزيوت و الشموع', 23, 1, 1, '20eabe5d64b0e216796e834f52d61fd0b70332fc', 2),
(87, 154, 'خالد أحمد جاب الله عبد المولى', 1, 5, 'مدير عام مساعد تقييم التعديلات و الدراسات الفنية', 1, 'تقييم التعديلات و الدراسات الفنية', 24, 1, 1, '20eabe5d64b0e216796e834f52d61fd0b70332fc', 2),
(88, 155, 'ماجد محمد عبد الحميد البرلسى', 1, 5, 'مدير عام مساعد المرافق', 1, 'المرافق', 18, 1, 1, '2773c9ac3e7de2a12b6ded76809266301deef219', 2),
(89, 156, 'وسام محمود على حسين الخولى', 1, 7, 'رئيس قسم الديزل و الضواغط و الوقود و الشعلة ورادى', 2, 'المرافق', 18, 2, 1, '20eabe5d64b0e216796e834f52d61fd0b70332fc', 1),
(90, 159, 'مصطفى عبد الوهاب صالح', 1, 5, 'مدير عام مساعد بالادارة العامة لهندسة التحكم الآلى', 1, 'هندسة التحكم الالى', 25, 1, 1, '20eabe5d64b0e216796e834f52d61fd0b70332fc', 2),
(91, 160, 'خالد على زكريا حسن', 1, 6, 'مدير إدارة \" ورادى \" بإدارة المراقبة المركزية ورادى', 2, 'التقطير التفريغى', 9, 1, 1, '20eabe5d64b0e216796e834f52d61fd0b70332fc', 2),
(92, 161, 'محمد حسن حفنى السيد البهنساوى', 1, 3, 'مدير عام التنظيم و تخطيط الموارد البشرية ( ندب )', 1, 'التنظيم و تخطيط الموارد البشرية', 26, 1, 1, '20eabe5d64b0e216796e834f52d61fd0b70332fc', 2),
(93, 162, 'محمود عوض عبد الجواد مفتاح', 1, 5, 'مدير عام مساعد التدريب الداخلى', 1, 'التدريب الداخلى', 27, 1, 1, '20eabe5d64b0e216796e834f52d61fd0b70332fc', 2),
(94, 163, 'عبد الحميد محمد عبد الحميد فرج', 1, 5, 'مدير عام مساعد الاستحقاقات', 1, 'الاستحقاقات', 20, 1, 1, '7c222fb2927d828af22f592134e8932480637c0d', 2),
(95, 164, 'السيد محمد مصطفى عمر', 1, 5, 'مدير عام مساعد بالادارة العامة للمرافق و التسهيلات ( ندب )', 1, 'المرافق و التسهيلات', 18, 1, 1, '20eabe5d64b0e216796e834f52d61fd0b70332fc', 2),
(96, 165, 'وحيد حسين أحمد', 1, 4, 'مدير إدارة المراقبة المركزية ورادى', 2, 'المرافق و التسهيلات', 18, 1, 1, '20eabe5d64b0e216796e834f52d61fd0b70332fc', 1),
(97, 166, 'سعيد محمد كمال على حمادة', 1, 5, 'مدير عام مساعد بالادارة العامة للسلامة و الصحة المهنية و حماية البيئة', 1, 'السلامة والصحة المهنية وحماية البيئة', 16, 1, 1, '20eabe5d64b0e216796e834f52d61fd0b70332fc', 2),
(98, 167, 'محمد عبد الفتاح سيد أحمد', 1, 5, 'مدير عام مساعد بالاجهزة المعاونة لرئيس مجلس الادارة و العضو المنتدب', 1, 'نظم و تكنولوجيا المعلومات', 1, 1, 1, 'f7c3bc1d808e04732adf679965ccc34ca7ae3441', 2),
(99, 168, 'محمد أحمد شمروخ عبد الجواد', 1, 5, 'مدير عام مساعد بالادارة العامة للتقطير التفريغى و انتاج السولار', 1, 'انتاج السولار', 9, 1, 1, '20eabe5d64b0e216796e834f52d61fd0b70332fc', 2),
(100, 169, 'طارق محمد عرفه ابو الفتوح', 1, 5, 'مدير عام مساعد بالادارة العامة للشئون المالية ( ندب )', 1, 'البنوك والنقد الاجنبى والجمارك', 7, 1, 1, '20eabe5d64b0e216796e834f52d61fd0b70332fc', 2),
(101, 170, 'محمود محمد غانم محمود', 1, 5, 'مدير عام مساعد بالادارة العامة لهندسة التحكم الآلى', 1, 'صيانة اجهزة التحكم الالى', 25, 1, 1, '20eabe5d64b0e216796e834f52d61fd0b70332fc', 2),
(102, 171, 'إيهاب محمود محمد عثمان', 1, 4, 'مدير إدارة المراقبة المركزية للتحكم الآلى ورادى', 2, 'هندسة التحكم الالى', 25, 1, 1, '20eabe5d64b0e216796e834f52d61fd0b70332fc', 1),
(103, 172, 'حسن أحمد فرغلى على محمد', 1, 5, 'مدير عام مساعد بالادارة العامة للوحدات المساعدة و صب الشموع', 1, 'انتاج الغازات و تفريغ الكيماويات و مستلزمات الانتاج', 6, 1, 1, '20eabe5d64b0e216796e834f52d61fd0b70332fc', 2),
(104, 173, 'يحيى سالم على سالم', 1, 5, 'مدير عام مساعد بالادارة العامة للمرافق و التسهيلات ( ندب )', 1, 'المرافق و التسهيلات', 18, 1, 1, '20eabe5d64b0e216796e834f52d61fd0b70332fc', 2),
(105, 174, 'حازم محمد سويلم عيسى غازى', 1, 3, 'مدير عام هندسة التحكم الالى', 1, 'هندسة التحكم الالى', 25, 1, 1, '20eabe5d64b0e216796e834f52d61fd0b70332fc', 2),
(106, 177, 'السيد عبد الحميد محمد المصرى', 1, 6, 'مدير إدارة بإدارة تنفيذ البرامج و الندوات الداخلية', 2, 'التدريب الداخلى', 27, 1, 1, '20eabe5d64b0e216796e834f52d61fd0b70332fc', 2),
(107, 178, 'محمد فاروق خليل الصراف', 1, 5, 'مدير عام مساعد بالإدارة العامة لهندسة التحكم الآلى', 1, 'الدراسات الفنية لاجهزة التحكم الالى', 25, 1, 1, '20eabe5d64b0e216796e834f52d61fd0b70332fc', 2),
(108, 179, 'إيهاب عبد الوارث محمد الكردى', 1, 5, 'مدير عام مساعد الغلايات و المعالجة', 1, 'الغلايات و المعالجة', 18, 1, 1, '20eabe5d64b0e216796e834f52d61fd0b70332fc', 2),
(109, 180, 'أمل عبد الفتاح أحمد ربيع', 1, 5, 'مدير عام مساعد متابعة التكنولوجيا و التطوير و الدراسات', 1, 'متابعة التكنولوجيا و التطوير و الدراسات', 23, 1, 1, '20eabe5d64b0e216796e834f52d61fd0b70332fc', 2),
(110, 181, 'محمد أحمد فوزى عبد السلام فهمى', 1, 5, 'مدير عام مساعد دراسة المشروعات المستقبلية الجديدة و ازالة الاختناقات', 1, 'دراسة المشروعات المستقبلية الجديدة و ازالة الاختناقات', 2, 1, 1, '20eabe5d64b0e216796e834f52d61fd0b70332fc', 2),
(111, 184, 'محمد عبد السلام محمود عبد السلام', 1, 4, 'مدير إدارة المراقبة المركزية للهندسة الكهربائية ورادى', 2, 'المراقبة المركزية للهندسة الكهربائية ورادى', 19, 2, 1, '20eabe5d64b0e216796e834f52d61fd0b70332fc', 1),
(112, 185, 'محمد جابر محمد إبراهيم سعد', 1, 6, 'مدير إدارة بإدارة الورش و التركيبات الكهربائية', 2, 'الصيانة الكهربائية', 19, 1, 1, '20eabe5d64b0e216796e834f52d61fd0b70332fc', 2),
(113, 186, 'محمد عايد حمد الله إسماعيل', 1, 4, 'مدير إدارة المراقبة المركزية للهندسة الكهربائية ورادى', 2, 'المراقبة المركزية للهندسة الكهربائية ورادى', 19, 2, 1, '20eabe5d64b0e216796e834f52d61fd0b70332fc', 1),
(114, 187, 'معروف أحمد إسماعيل دربالة', 1, 6, 'مدير إدارة بإدارة حصر الاعمال الميكانيكية و الخطوط الخارجية', 2, 'الحصر و المتابعة', 4, 1, 1, '20eabe5d64b0e216796e834f52d61fd0b70332fc', 2),
(115, 188, 'عبده عيد محمد حسن', 1, 6, 'مدير إدارة بإدارة حركة النقل', 2, 'النقل', 4, 1, 1, '20eabe5d64b0e216796e834f52d61fd0b70332fc', 1),
(116, 189, 'إسماعيل بسيونى على محمد', 1, 6, 'مدير إدارة بإدارة صيانة اجهزة التحكم لوحدات السولار', 2, 'صيانة اجهزة التحكم الالى', 25, 1, 1, '20eabe5d64b0e216796e834f52d61fd0b70332fc', 1),
(117, 192, 'مدحت أحمد عبد الدايم عليان', 1, 5, 'مدير عام مساعد بالادارة العامة للزيوت و الخلط و التعبئة', 1, 'الزيوت و الخلط و التعبئة', 5, 1, 1, '20eabe5d64b0e216796e834f52d61fd0b70332fc', 2),
(118, 193, 'إبراهيم صالح سيد بكر', 1, 5, 'مدير عام مساعد بالادارة العامة للتقطير التفريغى و انتاج السولار', 1, 'التقطير التفريغى وانتاج السولار', 9, 1, 1, '20eabe5d64b0e216796e834f52d61fd0b70332fc', 2),
(119, 194, 'حمدى محمد أحمد حسين غزالى', 1, 6, 'مدير إدارة بإدارة التغذية و التبريد و الترشيح و طلمبات الخلخلة', 2, 'التغذية و التبريد و الترشيح و طلمبات الخلخلة', 5, 1, 1, '20eabe5d64b0e216796e834f52d61fd0b70332fc', 2),
(120, 195, 'أشرف رافت عبد الوهاب محمد', 1, 6, 'مدير إدارة بإدارة الضواغط و استرجاع المذيب', 2, 'الضواغط و استرجاع المذيب', 5, 1, 1, '20eabe5d64b0e216796e834f52d61fd0b70332fc', 2),
(121, 196, 'محمد محمود سيف فرجانى', 1, 6, 'مدير إدارة بإدارة التغذية و التبريد و الترشيح و طلمبات الخلخلة', 2, 'التغذية و التبريد و الترشيح و طلمبات الخلخلة', 5, 1, 1, '20eabe5d64b0e216796e834f52d61fd0b70332fc', 2),
(122, 197, 'على منصور محمد سنهورى', 1, 6, 'مدير إدارة بإدارة ازالة العطريات و الحزام الساخن', 2, 'ازالة العطريات و الحزام الساخن', 5, 1, 1, '20eabe5d64b0e216796e834f52d61fd0b70332fc', 2),
(123, 198, 'محمود محمد محمود السيد فودة', 1, 6, 'مدير إدارة بإدارة ازالة العطريات و الحزام الساخن', 2, 'ازالة العطريات و الحزام الساخن', 5, 1, 1, '20eabe5d64b0e216796e834f52d61fd0b70332fc', 2),
(124, 199, 'صلاح محمد محمد محمد خليل', 1, 6, 'مدير إدارة بإدارة هدرجة الزيوت و الشموع', 2, 'هدرجة الزيوت و الشموع', 6, 1, 1, '20eabe5d64b0e216796e834f52d61fd0b70332fc', 2),
(125, 200, 'حمدى محمد محمد راشد', 1, 6, 'مدير إدارة بإدارة حركة النقل', 2, 'النقل', 4, 1, 1, '20eabe5d64b0e216796e834f52d61fd0b70332fc', 1),
(126, 201, 'عصام محمد إبراهيم عطا حسن', 1, 6, 'مدير إدارة بإدارة صيانة المحركات', 2, 'النقل', 4, 1, 1, '20eabe5d64b0e216796e834f52d61fd0b70332fc', 2),
(127, 202, 'ناصر حسن أحمد عبد المجيد', 1, 6, 'مدير إدارة بإدارة حركة النقل', 2, 'النقل', 4, 1, 1, '20eabe5d64b0e216796e834f52d61fd0b70332fc', 2),
(128, 204, 'محمد السيد عبد الحميد أحمد', 1, 6, 'مدير إدارة بإدارة تنفيذ الاعمال المدنية', 2, 'تنفيذ الاعمال المدنية', 14, 1, 1, '20eabe5d64b0e216796e834f52d61fd0b70332fc', 2),
(129, 205, 'أشرف السيد مصطفى أحمد', 1, 6, 'مدير إدارة بإدارة تنفيذ مشروعات الوحدات الانتاجية', 2, 'تنفيذ المشروعات', 4, 1, 1, '20eabe5d64b0e216796e834f52d61fd0b70332fc', 2),
(130, 206, 'سامح حسين محمود بسيونى', 1, 6, 'مدير إدارة بإدارة حركة النقل', 2, 'النقل', 4, 1, 1, '20eabe5d64b0e216796e834f52d61fd0b70332fc', 2),
(131, 207, 'السيد عبد الرؤف محمد عبد الباسط', 1, 8, 'ملاحظ ماهر ورادى', 2, 'الامن الميدانى', 8, 2, 1, '20eabe5d64b0e216796e834f52d61fd0b70332fc', 4),
(132, 208, 'محمد حسن إبراهيم أبو المجد', 1, 4, 'مدير إدارة الامن الوقائى', 2, 'الامن الوقائى و الدعم الفنى', 8, 1, 1, '20eabe5d64b0e216796e834f52d61fd0b70332fc', 1),
(133, 209, 'جابر محمد سعيد نور الدين', 1, 6, 'مدير إدارة بإدارة الاستعلامات و برامج الامن', 2, 'امن الخطط و المعلومات', 8, 1, 1, '20eabe5d64b0e216796e834f52d61fd0b70332fc', 2),
(134, 210, 'محمد عبد الغفار موسى فرج', 1, 4, 'مدير إدارة الدعم الفنى', 2, 'الامن الوقائى و الدعم الفنى', 8, 1, 1, '20eabe5d64b0e216796e834f52d61fd0b70332fc', 1),
(135, 211, 'عوض خميس عوض احمد الزعان', 1, 6, 'مدير إدارة بإدارة حركة النقل', 2, 'النقل', 4, 1, 1, '20eabe5d64b0e216796e834f52d61fd0b70332fc', 2),
(136, 212, 'جمال أحمد يوسف الدراجينى', 1, 6, 'مدير إدارة بإدارة صيانة المعدات الدواره بالسولار و المرافق و الاطفاء و الترحيلات', 2, 'صيانة المعدات الدواره و التبريد و التكييف', 13, 1, 1, '20eabe5d64b0e216796e834f52d61fd0b70332fc', 2),
(137, 213, 'محمد توفيق محمد إبراهيم', 1, 6, 'مدير إدارة بإدارة تشغيل المحطات الكهربائية', 2, 'المحطات الكهربائية', 19, 1, 1, '20eabe5d64b0e216796e834f52d61fd0b70332fc', 2),
(138, 214, 'صبرى محفوظ على سلامة', 1, 6, 'مدير إدارة بإدارة تشغيل المحطات الكهربائية', 2, 'المحطات الكهربائية', 19, 1, 1, '20eabe5d64b0e216796e834f52d61fd0b70332fc', 2),
(139, 215, 'أحمد فاروق أحمد محمد', 1, 6, 'مدير إدارة بإدارة التسويات المالية و مراقبة الوقت و الاجازات', 2, 'الاستحقاقات', 20, 1, 1, 'd729333a9a3b3de0825a284d505fef44d8254b03', 1),
(140, 216, 'جابر إبراهيم عبد الجليل محمود', 1, 6, 'مدير إدارة بإدارة حركة النقل ( ندب )', 2, 'النقل', 4, 1, 1, '20eabe5d64b0e216796e834f52d61fd0b70332fc', 2),
(141, 217, 'ممدوح محمد محمود موسى الفوزى', 1, 3, 'مدير عام المعامل الكيماوية', 1, 'المعامل الكيماوية', 15, 1, 1, '20eabe5d64b0e216796e834f52d61fd0b70332fc', 2),
(142, 218, 'عادل عبد الهادى بخيت أحمد', 1, 3, 'مدير عام بالادارة العامة للمعامل الكيماوية ( ندب )', 1, 'المعامل الكيماوية', 15, 1, 1, '20eabe5d64b0e216796e834f52d61fd0b70332fc', 2),
(143, 219, 'عادل عبد القادر على إبراهيم', 1, 5, 'مدير عام مساعد بالادارة العامة للوحدات المساعدة و صب الشموع', 1, 'الوحدات المساعدة و صب الشموع', 6, 1, 1, '20eabe5d64b0e216796e834f52d61fd0b70332fc', 2),
(144, 220, 'سالم محمد عبد اللطيف على', 1, 5, 'مدير عام مساعد بالادارة العامة للزيوت و الخلط و التعبئة', 1, 'الزيوت و الخلط و التعبئة', 5, 1, 1, '20eabe5d64b0e216796e834f52d61fd0b70332fc', 2),
(145, 221, 'عاطف محمد محمد مصطفى', 1, 7, 'رئيس قسم جلب عينات الوحدات و المستودعات', 2, 'جلب العينات', 15, 1, 1, '20eabe5d64b0e216796e834f52d61fd0b70332fc', 1),
(146, 222, 'حسام محمد السيد إبراهيم', 1, 4, 'مدير إدارة جلب العينات ( ندب )', 2, 'جلب العينات', 15, 2, 1, '20eabe5d64b0e216796e834f52d61fd0b70332fc', 1),
(147, 223, 'مجدى أحمد فؤاد سيد أحمد', 1, 5, 'مدير عام مساعد هدرجة الزيوت و الشموع', 1, 'هدرجة الزيوت و الشموع', 6, 1, 1, '20eabe5d64b0e216796e834f52d61fd0b70332fc', 2),
(148, 225, 'أحمد محمد أحمد النجار', 1, 6, 'مدير إدارة بإدارة صب الشموع', 2, 'صب و تغليف الشموع', 6, 1, 1, '20eabe5d64b0e216796e834f52d61fd0b70332fc', 2),
(149, 226, 'حسن محمد عمر حسنين', 1, 6, 'مدير إدارة بإدارة مكافحة الحريق', 2, 'مكافحة الحريق و تقليل الخسائر', 16, 1, 1, '20eabe5d64b0e216796e834f52d61fd0b70332fc', 2),
(150, 227, 'عبد الحميد السيد متولى محمد', 1, 6, 'مدير إدارة بإدارة مكافحة الحريق', 2, 'مكافحة الحريق و تقليل الخسائر', 16, 1, 1, '20eabe5d64b0e216796e834f52d61fd0b70332fc', 2),
(151, 229, 'عماد رشدى عطية محمد ابو العمايم', 1, 4, 'مدير إدارة الاستعلامات و برامج الامن', 2, 'امن الخطط و المعلومات', 8, 1, 1, '20eabe5d64b0e216796e834f52d61fd0b70332fc', 1),
(152, 230, 'هانى عبد المنعم عبد الحليم محمد خميس', 1, 6, 'مدير إدارة بإدارة حركة النقل', 2, 'النقل', 4, 1, 1, '20eabe5d64b0e216796e834f52d61fd0b70332fc', 2),
(153, 231, 'يسرى عبد العظيم حسين محمد عطا', 1, 6, 'مدير إدارة بإدارة امن الخطط و المعلومات', 2, 'امن الخطط و المعلومات', 8, 1, 1, '20eabe5d64b0e216796e834f52d61fd0b70332fc', 2),
(154, 232, 'السيد يس السيد أحمد', 1, 4, 'مدير إدارة الامن المركزية ( ورادى )', 2, 'الامن المركزية ( ورادى )', 8, 2, 1, '20eabe5d64b0e216796e834f52d61fd0b70332fc', 1),
(155, 233, 'محمد أحمد قطب على', 1, 6, 'مدير إدارة بإدارة الاستعلامات و برامج الامن', 2, 'امن الخطط و المعلومات', 8, 1, 1, '20eabe5d64b0e216796e834f52d61fd0b70332fc', 2),
(156, 234, 'السيد هارون السيد سرور', 1, 9, 'مشرف امن متقدم ورادى', 3, 'الامن الميدانى', 8, 2, 1, '20eabe5d64b0e216796e834f52d61fd0b70332fc', 4),
(157, 235, 'محمد حسين محمد محمود خميس', 1, 6, 'مدير إدارة بإدارة حركة النقل', 2, 'النقل', 4, 1, 1, '20eabe5d64b0e216796e834f52d61fd0b70332fc', 2),
(158, 236, 'أشرف السيد محمد خليفة', 1, 6, 'مدير إدارة بإدارة امن الخطط و المعلومات', 2, 'امن الخطط و المعلومات', 8, 1, 1, '20eabe5d64b0e216796e834f52d61fd0b70332fc', 2),
(159, 237, 'بركة محمد محمد بركة', 1, 8, 'ملاحظ ماهر', 2, 'الصيانة و الخدمات المدنية', 14, 1, 1, '20eabe5d64b0e216796e834f52d61fd0b70332fc', 4),
(160, 238, 'محمد عبد البارى محمد عبد البارى', 1, 5, 'مدير عام مساعد بالادارة العامة لتخطيط الانتاج', 1, 'تخطيط الانتاج', 3, 1, 1, '20eabe5d64b0e216796e834f52d61fd0b70332fc', 2),
(161, 241, 'أشرف عبد الحليم محمد جاد', 1, 4, 'مدير إدارة المراقبة المركزية ورادى', 2, 'المرافق و التسهيلات', 18, 1, 1, '20eabe5d64b0e216796e834f52d61fd0b70332fc', 1),
(162, 243, 'عبد الغفار فوزى عبد الغفار محمد الشال', 1, 10, 'سباك متقدم', 3, 'الصيانة و الخدمات المدنية', 14, 1, 1, '20eabe5d64b0e216796e834f52d61fd0b70332fc', 4),
(163, 244, 'حسام الدين محمد توفيق محمد حسين', 1, 6, 'مدير إدارة بإدارة الغلايات', 2, 'الغلايات و المعالجة', 18, 1, 1, '20eabe5d64b0e216796e834f52d61fd0b70332fc', 2),
(164, 245, 'عادل نصر إبراهيم بدوى', 1, 6, 'مدير إدارة بإدارة الصيانة و الخدمات المدنية', 2, 'الصيانة و الخدمات المدنية', 14, 1, 1, '20eabe5d64b0e216796e834f52d61fd0b70332fc', 2),
(165, 246, 'حامد عرفات حامد محمد', 1, 5, 'مدير عام مساعد حسابات الاجور و المزايا', 1, 'حسابات الاجور و المزايا', 7, 1, 1, '20eabe5d64b0e216796e834f52d61fd0b70332fc', 2),
(166, 247, 'وليد أحمد محمود عبد القادر شرف', 1, 5, 'مدير عام مساعد حسابات تعظيم انتاجية السولار و المنتجات الاخرى ( ندب )', 1, 'حسابات تعظيم انتاجية السولار و المنتجات الاخرى', 7, 1, 1, '20eabe5d64b0e216796e834f52d61fd0b70332fc', 2),
(167, 248, 'وائل نبيل مصطفى على', 1, 5, 'مدير عام مساعد نظم و تكنولوجيا المعلومات', 1, 'نظم و تكنولوجيا المعلومات', 1, 1, 1, 'd231cefebce9c3cfb38fc9be72aa4145a3334661', 2),
(168, 249, 'أحمد فتحى عطية محمد التهامى', 1, 5, 'مدير عام مساعد بالادارة العامة لهندسة التحكم الآلى ( ندب )', 1, 'الدراسات الفنية لاجهزة التحكم الالى', 25, 1, 1, '20eabe5d64b0e216796e834f52d61fd0b70332fc', 2),
(169, 250, 'علاء الدين إبراهيم محمود عبد الهادى', 1, 6, 'مدير إدارة بإدارة الاستعلامات و برامج الامن', 2, 'امن الخطط و المعلومات', 8, 1, 1, '20eabe5d64b0e216796e834f52d61fd0b70332fc', 2),
(170, 251, 'لمياء حسن محمود أحمد', 1, 5, 'مدير عام مساعد الاتصالات الخارجية ( ندب )', 1, 'الاتصالات الخارجية', 12, 1, 1, 'f7c3bc1d808e04732adf679965ccc34ca7ae3441', 2),
(171, 252, 'إبراهيم إبراهيم أمين إبراهيم', 1, 5, 'مدير عام مساعد بالادارة العامة لتخطيط الانتاج ( ندب )', 1, 'حركة منتجات الشركة', 3, 1, 1, '20eabe5d64b0e216796e834f52d61fd0b70332fc', 2),
(172, 253, 'خضر محمد عبد العال عبد الله', 1, 5, 'مدير عام مساعد بالادارة العامة لتخطيط الانتاج', 1, 'تخطيط الانتاج', 3, 1, 1, '20eabe5d64b0e216796e834f52d61fd0b70332fc', 2),
(173, 254, 'بلال محمد صادق عبد الوهاب', 1, 4, 'مدير إدارة المراقبة المركزية ورادى', 2, 'تخطيط الانتاج', 3, 1, 1, '20eabe5d64b0e216796e834f52d61fd0b70332fc', 1),
(174, 255, 'حسام فاروق بكر ياقوت', 1, 4, 'مدير إدارة المراقبة المركزية ورادى', 2, 'تخطيط الانتاج', 3, 1, 1, '20eabe5d64b0e216796e834f52d61fd0b70332fc', 1),
(175, 261, 'أحمد حسين كامل بركات', 1, 6, 'مدير إدارة بإدارة انتاج السولار', 2, 'انتاج السولار', 9, 1, 1, '20eabe5d64b0e216796e834f52d61fd0b70332fc', 2),
(176, 264, 'محمد إبراهيم محمد شاهين', 1, 4, 'مدير إدارة المراقبة المركزية ورادى', 2, 'التقطير التفريغى', 9, 1, 1, '20eabe5d64b0e216796e834f52d61fd0b70332fc', 1),
(177, 265, 'علاء محمد سليمان أحمد', 1, 4, 'مدير إدارة المراقبة المركزية ورادى', 2, 'التقطير التفريغى', 9, 1, 1, '20eabe5d64b0e216796e834f52d61fd0b70332fc', 1),
(178, 267, 'عماد يحيى عبد اللطيف شرف', 1, 5, 'مدير عام مساعد امن الخطط و المعلومات', 1, 'امن الخطط و المعلومات', 8, 1, 1, '20eabe5d64b0e216796e834f52d61fd0b70332fc', 2),
(179, 268, 'هدى عادل سعيد الششتاوى', 1, 6, 'مدير إدارة بإدارة خدمات العملاء ( ندب )', 2, 'خدمات العملاء', 10, 1, 1, '20eabe5d64b0e216796e834f52d61fd0b70332fc', 2),
(180, 269, 'محمد جمعة عبد الرازق محمد بيومى', 1, 5, 'مدير عام مساعد التحليل المالى و الضرائب', 1, 'التحليل المالى و الضرائب', 7, 1, 1, '20eabe5d64b0e216796e834f52d61fd0b70332fc', 2),
(181, 270, 'فايق ثابت بخيت حبشى', 1, 8, 'ملاحظ ماهر', 2, 'الصيانة و الخدمات المدنية', 14, 1, 1, '20eabe5d64b0e216796e834f52d61fd0b70332fc', 4),
(182, 271, 'أشرف السيد حسين خليفة', 1, 6, 'مدير إدارة بإدارة الخدمات الحكومية و المجتمعية', 2, 'الخدمات الادارية و الاجتماعية', 1, 1, 1, '20eabe5d64b0e216796e834f52d61fd0b70332fc', 2),
(183, 274, 'محمد محمود السيد موسى', 1, 8, 'ملاحظ ماهر ورادى', 2, 'الامن الميدانى', 8, 2, 1, '20eabe5d64b0e216796e834f52d61fd0b70332fc', 4),
(184, 275, 'طارق على محمد الفولى', 1, 6, 'مدير إدارة بإدارة النشاط الرياضى و المكتبة', 2, 'العلاقات العامة', 1, 1, 1, '20eabe5d64b0e216796e834f52d61fd0b70332fc', 2),
(185, 276, 'شريف محمد عبد الحليم على', 1, 6, 'مدير إدارة بإدارة امن الخطط و المعلومات', 2, 'امن الخطط و المعلومات', 8, 1, 1, '20eabe5d64b0e216796e834f52d61fd0b70332fc', 2),
(186, 277, 'محمد مسعد عبد الغنى', 1, 5, 'مدير عام مساعد تخطيط و متابعة البرامج التدريبية ( ندب )', 1, 'تخطيط و متابعة البرامج التدريبية', 27, 1, 1, '20eabe5d64b0e216796e834f52d61fd0b70332fc', 2),
(187, 278, 'جمال أمين عبد الحميد صالح', 1, 6, 'مدير إدارة بإدارة الامن الميدانى المنطقة ( 1 )', 2, 'الامن الميدانى', 8, 1, 1, '20eabe5d64b0e216796e834f52d61fd0b70332fc', 2),
(188, 281, 'عبد الحكيم محمود عبد الحكيم داود', 1, 6, 'مدير إدارة بإدارة الضواغط و استرجاع المذيب', 2, 'الضواغط و استرجاع المذيب', 5, 1, 1, '20eabe5d64b0e216796e834f52d61fd0b70332fc', 2),
(189, 282, 'محمود عبد العزيز السيد أحمد', 1, 6, 'مدير إدارة بإدارة صيانة اجهزة التحكم لوحدات الزيوت و الوحدات المساعدة و المرافق', 2, 'صيانة اجهزة التحكم الالى', 25, 1, 1, '20eabe5d64b0e216796e834f52d61fd0b70332fc', 2),
(190, 283, 'مسعد حسن حسن صفار', 1, 5, 'مدير عام مساعد الحسابات', 1, 'الحسابات', 7, 1, 1, '20eabe5d64b0e216796e834f52d61fd0b70332fc', 2),
(191, 284, 'أحمد محمد بهى الدين محمد رمضان', 1, 3, 'مدير عام الشئون القانونية ( ندب )', 1, 'الشئون القانونية', 28, 1, 1, '20eabe5d64b0e216796e834f52d61fd0b70332fc', 2),
(192, 285, 'فتحى عبد الله بيومى الخولى', 1, 5, 'مدير عام مساعد بالادارة العامة للصيانة ( ندب )', 1, 'صيانة الاجهزة', 13, 1, 1, '20eabe5d64b0e216796e834f52d61fd0b70332fc', 2),
(193, 286, 'بدر كامل محمد بدر', 1, 5, 'مدير عام مساعد بالادارة العامة للصيانة', 1, 'صيانة الطلمبات و التربينات', 13, 1, 1, '20eabe5d64b0e216796e834f52d61fd0b70332fc', 2),
(194, 287, 'سعيد سلامة محمد عبد العليم', 1, 5, 'مدير عام مساعد بالادارة العامة للصيانة', 1, 'صيانة الاجهزة', 13, 1, 1, '20eabe5d64b0e216796e834f52d61fd0b70332fc', 2),
(195, 289, 'عبد المنعم جلبى إسماعيل جلبى', 1, 4, 'مدير إدارة خدمات التمريض', 2, 'الشئون الطبية', 21, 1, 1, '20eabe5d64b0e216796e834f52d61fd0b70332fc', 1),
(196, 290, 'أحمد محمد محمد على', 1, 5, 'مدير عام مساعد ازالة العطريات و الحزام الساخن', 1, 'التغذية و التبريد و الترشيح و طلمبات الخلخلة', 5, 1, 1, '20eabe5d64b0e216796e834f52d61fd0b70332fc', 2),
(197, 291, 'طارق محمد عيد فرج', 1, 3, 'مدير عام الشئون الطبية', 1, 'الطبية', 21, 1, 1, '20eabe5d64b0e216796e834f52d61fd0b70332fc', 2),
(198, 292, 'محمد فؤاد محمد على خضر', 1, 3, 'مدير عام بالادارة العامة لتخطيط الانتاج ( ندب )', 1, 'تخطيط الانتاج', 3, 1, 1, '20eabe5d64b0e216796e834f52d61fd0b70332fc', 2),
(199, 293, 'محمد صلاح الدين محمد إبراهيم هيبة', 1, 6, 'مدير إدارة بإدارة بالادارة العامة للشئون القانونية', 2, 'الشئون القانونية', 28, 1, 1, '20eabe5d64b0e216796e834f52d61fd0b70332fc', 2),
(200, 294, 'محمد عبد المنعم محمد عبد المعطى', 1, 11, 'ملاحظ ورادى', 3, 'الامن الميدانى', 8, 2, 1, '20eabe5d64b0e216796e834f52d61fd0b70332fc', 4),
(201, 295, 'محمود محمد حسن على المليجى', 1, 6, 'مدير إدارة بإدارة صيانة المعدات الدواره بالزيوت و الوحدات المساعدة و الشموع', 2, 'صيانة المعدات الدواره و التبريد و التكييف', 13, 1, 1, '20eabe5d64b0e216796e834f52d61fd0b70332fc', 2),
(202, 297, 'السيد حسن أحمد حسن', 1, 6, 'مدير إدارة بإدارة حصر الاعمال الميكانيكية و الخطوط الخارجية', 2, 'الحصر و المتابعة', 4, 1, 1, '20eabe5d64b0e216796e834f52d61fd0b70332fc', 2),
(203, 298, 'ماهر عبد الله محمد اسماعيل رزق', 1, 6, 'مدير إدارة بإدارة التفتيش الهندسى', 2, 'التفتيش الهندسى', 4, 1, 1, '20eabe5d64b0e216796e834f52d61fd0b70332fc', 2),
(204, 299, 'إبراهيم محمد السيد أحمد', 1, 6, 'مدير إدارة بإدارة حركة النقل', 2, 'النقل', 4, 1, 1, '20eabe5d64b0e216796e834f52d61fd0b70332fc', 2),
(205, 300, 'شعبان محمد محمد طه', 1, 4, 'مدير إدارة الامن المركزية ( ورادى )', 2, 'الامن المركزية ( ورادى )', 8, 1, 1, '20eabe5d64b0e216796e834f52d61fd0b70332fc', 1),
(206, 302, 'هانى أحمد رجب أحمد', 1, 11, 'ملاحظ ورادى', 3, 'الامن الميدانى', 8, 2, 1, '20eabe5d64b0e216796e834f52d61fd0b70332fc', 4),
(207, 303, 'أمير محمد على إبراهيم', 1, 8, 'ملاحظ ماهر ورادى', 2, 'الامن الميدانى', 8, 2, 1, '20eabe5d64b0e216796e834f52d61fd0b70332fc', 4),
(208, 304, 'محمد محمود حسين عابد', 1, 7, 'رئيس قسم الامن و الحراسة المنطقة ( 1 ) ورادى', 2, 'الامن الميدانى', 8, 2, 1, '20eabe5d64b0e216796e834f52d61fd0b70332fc', 1),
(209, 306, 'ناصر محمد صقر قابل', 1, 6, 'مدير إدارة بإدارة حركة النقل ( ندب )', 2, 'النقل', 4, 1, 1, '20eabe5d64b0e216796e834f52d61fd0b70332fc', 2),
(210, 307, 'محمد حسين حسنين محمد', 1, 6, 'مدير إدارة بإدارة حركة النقل ( ندب )', 2, 'النقل', 4, 1, 1, '20eabe5d64b0e216796e834f52d61fd0b70332fc', 2),
(211, 308, 'محمد السيد محمد إبراهيم', 1, 6, 'مدير إدارة بإدارة حركة النقل ( ندب )', 2, 'النقل', 4, 1, 1, '20eabe5d64b0e216796e834f52d61fd0b70332fc', 2),
(212, 309, 'ياسر عطية عزب السيد', 1, 6, 'مدير إدارة بإدارة حركة النقل ( ندب )', 2, 'النقل', 4, 1, 1, '20eabe5d64b0e216796e834f52d61fd0b70332fc', 2),
(213, 310, 'حاتم حسن سعيد عبد الصمد', 1, 6, 'مدير إدارة بإدارة حركة النقل ( ندب )', 2, 'النقل', 4, 1, 1, '20eabe5d64b0e216796e834f52d61fd0b70332fc', 2),
(214, 311, 'خالد محمد عبد العال عبد الكريم', 1, 6, 'مدير إدارة بإدارة حركة النقل ( ندب )', 2, 'النقل', 4, 1, 1, '20eabe5d64b0e216796e834f52d61fd0b70332fc', 2),
(215, 312, 'صابر حسن السيد الشريف', 1, 6, 'مدير إدارة بإدارة حركة النقل ( ندب )', 2, 'النقل', 4, 1, 1, '20eabe5d64b0e216796e834f52d61fd0b70332fc', 2),
(216, 313, 'على أحمد قدرى حسن محمد', 1, 6, 'مدير إدارة بإدارة الامن الميدانى المنطقة ( 1 ) ( ندب )', 2, 'الامن الميدانى', 8, 2, 1, '20eabe5d64b0e216796e834f52d61fd0b70332fc', 2),
(217, 314, 'محمد حسن محمد إبراهيم نصير', 1, 6, 'مدير إدارة بإدارة حركة النقل ( ندب )', 2, 'النقل', 4, 1, 1, '20eabe5d64b0e216796e834f52d61fd0b70332fc', 2),
(218, 315, 'حسام حفنى إبراهيم حسان عيسى', 1, 6, 'مدير إدارة بإدارة حركة النقل ( ندب )', 2, 'النقل', 4, 1, 1, '20eabe5d64b0e216796e834f52d61fd0b70332fc', 2),
(219, 316, 'اسامه سعيد محمد إبراهيم', 1, 8, 'ملاحظ ماهر ورادى', 2, 'جلب العينات', 15, 1, 1, '20eabe5d64b0e216796e834f52d61fd0b70332fc', 4),
(220, 317, 'زكريا أحمد آدم أبوزيد', 1, 8, 'ملاحظ ماهر', 2, 'الامن الميدانى', 8, 2, 1, '20eabe5d64b0e216796e834f52d61fd0b70332fc', 4),
(221, 318, 'أحمد محمد عبد المحسن اسماعيل', 1, 6, 'مدير إدارة بإدارة السجلات و الملفات الطبية', 2, 'السجلات و الملفات الطبية', 21, 1, 1, '20eabe5d64b0e216796e834f52d61fd0b70332fc', 2),
(222, 319, 'عصام فرج خليل إبراهيم', 1, 6, 'مدير إدارة بإدارة البنوك و الخزينة و خطابات الضمان', 2, 'البنوك والنقد الاجنبى والجمارك', 7, 1, 1, '20eabe5d64b0e216796e834f52d61fd0b70332fc', 2),
(223, 321, 'هشام محمد نجيب أحمد نجيب حمدى', 1, 5, 'مدير عام مساعد العلاقات العامة', 1, 'العلاقات العامة', 1, 1, 1, '20eabe5d64b0e216796e834f52d61fd0b70332fc', 2),
(224, 323, 'عماد عبد المنعم محمد الشرقاوى', 1, 5, 'مدير عام مساعد المكتب الهندسي ( ندب )', 1, 'المكتب الهندسى', 4, 1, 1, '20eabe5d64b0e216796e834f52d61fd0b70332fc', 2),
(225, 324, 'محمد فتحى محمد سليمان', 1, 5, 'مدير عام مساعد المحطات الكهربائية ( ندب )', 1, 'المحطات الكهربائية', 19, 1, 1, '20eabe5d64b0e216796e834f52d61fd0b70332fc', 2),
(226, 325, 'محمد فتحى اسماعيل المسينى', 1, 5, 'مدير عام مساعد بالادارة العامة للهندسة الكهربائية ( ندب )', 1, 'الصيانة الكهربائية', 19, 1, 1, '20eabe5d64b0e216796e834f52d61fd0b70332fc', 2),
(227, 326, 'سليمان السيد سليمان مرسى', 1, 5, 'مدير عام مساعد الامن الميدانى', 1, 'الامن الميدانى', 8, 1, 1, '20eabe5d64b0e216796e834f52d61fd0b70332fc', 2),
(228, 327, 'طارق محمد حسن على المليجى', 1, 5, 'مدير عام مساعد صيانة اجهزة التحكم الالى', 1, 'صيانة اجهزة التحكم الالى', 25, 1, 1, '20eabe5d64b0e216796e834f52d61fd0b70332fc', 2),
(229, 328, 'كريم محمد أحمد أبو العلا', 1, 5, 'مدير عام مساعد انظمة التحكم الالى ( ندب )', 1, 'انظمة التحكم الالى', 25, 1, 1, '20eabe5d64b0e216796e834f52d61fd0b70332fc', 2),
(230, 329, 'مصطفى محمد خميس محمد', 1, 5, 'مدير عام مساعد الدراسات الفنية لاجهزة التحكم الالى', 1, 'الدراسات الفنية لاجهزة التحكم الالى', 25, 1, 1, '20eabe5d64b0e216796e834f52d61fd0b70332fc', 2),
(231, 330, 'أحمد محمد رمضان محمود', 1, 5, 'مدير عام مساعد بالادارة العامة لهندسة التحكم الآلى ( ندب )', 1, 'انظمة التحكم الالى', 25, 1, 1, '20eabe5d64b0e216796e834f52d61fd0b70332fc', 2),
(232, 331, 'محمد محمد محمد حسن غزى', 1, 6, 'مدير إدارة بإدارة التسويات المالية و مراقبة الوقت و الاجازات', 2, 'الاستحقاقات', 20, 1, 1, 'c46a4284db66e68403fac6e1472059a09281a6b0', 5),
(233, 332, 'محمد رفعت محمد الشاذلى', 1, 5, 'مدير عام مساعد بالادارة العامة لهندسة التحكم الآلى ( ندب )', 1, 'صيانة اجهزة التحكم الالى', 25, 1, 1, '20eabe5d64b0e216796e834f52d61fd0b70332fc', 2),
(234, 333, 'فكرى محمد حسن حسنين', 1, 3, 'مدير عام بالادارة العامة للشئون المالية', 1, 'المالية', 7, 1, 1, '20eabe5d64b0e216796e834f52d61fd0b70332fc', 2),
(235, 334, 'جاسر محمود على حسن', 1, 3, 'مدير عام بالادارة العامة للشئون المالية', 1, 'المالية', 7, 1, 1, '20eabe5d64b0e216796e834f52d61fd0b70332fc', 2),
(236, 335, 'معتز ياسر محمد رفعت علوى', 1, 5, 'مدير عام مساعد متابعة حركة الانتاج', 1, 'متابعة حركة الانتاج', 23, 1, 1, '20eabe5d64b0e216796e834f52d61fd0b70332fc', 2),
(237, 336, 'علاء محمد عبد الله مخيون', 1, 5, 'مدير عام مساعد بالادارة العامة للمعامل الكيماوية ( ندب )', 1, 'تحاليل المياه و الغازات و البيئة', 15, 1, 1, '20eabe5d64b0e216796e834f52d61fd0b70332fc', 2),
(238, 337, 'محمد السيد محمد السيد وهبه', 1, 5, 'مدير عام مساعد التقييم و البحوث و الدراسات', 1, 'التقييم و البحوث و الدراسات', 15, 1, 1, '20eabe5d64b0e216796e834f52d61fd0b70332fc', 2),
(239, 338, 'محمد عبد الرزاق إبراهيم أحمد', 1, 5, 'مدير عام مساعد تحاليل المنتجات و الناقلات', 1, 'تحاليل المنتجات و الناقلات', 15, 1, 1, '20eabe5d64b0e216796e834f52d61fd0b70332fc', 2),
(240, 339, 'تامر محمد صلاح الدين وحيد', 1, 5, 'مدير عام مساعد بالادارة العامة للمعامل الكيماوية ( ندب )', 1, 'التقييم و البحوث و الدراسات', 15, 1, 1, '20eabe5d64b0e216796e834f52d61fd0b70332fc', 2),
(241, 340, 'كامل محمد حسن السيد', 1, 5, 'مدير عام مساعد بالادارة العامة للمعامل الكيماوية', 1, 'المعامل الكيماوية', 15, 1, 1, '20eabe5d64b0e216796e834f52d61fd0b70332fc', 2),
(242, 341, 'تامر محمود محمد محمود زيادة', 1, 5, 'مدير عام مساعد بالادارة العامة للمعامل الكيماوية ( ندب )', 1, 'المعامل الكيماوية', 15, 1, 1, '20eabe5d64b0e216796e834f52d61fd0b70332fc', 2),
(243, 342, 'محمد عطيه أبو ضيف أحمد مسعود', 1, 5, 'مدير عام مساعد انتاج الغازات و تفريغ الكيماويات و مستلزمات الانتاج ( ندب )', 1, 'انتاج الغازات و تفريغ الكيماويات و مستلزمات الانتاج', 6, 1, 1, '20eabe5d64b0e216796e834f52d61fd0b70332fc', 2),
(244, 343, 'مصطفى محمد مصطفى محمد', 1, 5, 'مدير عام مساعد متابعة التقطير التفريغى و انتاج السولار', 1, 'متابعة التقطير التفريغى و انتاج السولار', 23, 1, 1, '87696f1b92547fa790178f741d7a9fcc80acbb0e', 2),
(245, 345, 'السيد إبراهيم الشافع حسان', 1, 5, 'مدير عام مساعد التغذية و التبريد و الترشيح و طلمبات الخلخلة', 1, 'ازالة العطريات و الحزام الساخن', 5, 1, 1, '20eabe5d64b0e216796e834f52d61fd0b70332fc', 2),
(246, 346, 'وائل فؤاد سعد الدين طاهر', 1, 5, 'مدير عام مساعد الضواغط و استرجاع المذيب', 1, 'الضواغط و استرجاع المذيب', 5, 1, 1, '20eabe5d64b0e216796e834f52d61fd0b70332fc', 2),
(247, 347, 'أحمد فوزى عبد الحميد أحمد', 1, 5, 'مدير عام مساعد صب و تغليف الشموع ( ندب )', 1, 'صب و تغليف الشموع', 6, 1, 1, '20eabe5d64b0e216796e834f52d61fd0b70332fc', 2),
(248, 348, 'محمد عبد الستار جوده محمد', 1, 5, 'مدير عام مساعد التقطير التفريغى', 1, 'التقطير التفريغى', 9, 1, 1, '20eabe5d64b0e216796e834f52d61fd0b70332fc', 2),
(249, 349, 'عمرو أحمد محمد عبد الكريم بلتاجى', 1, 5, 'مدير عام مساعد الخلط و الاضافات و تعبئة الزيوت', 1, 'الخلط و الاضافات و تعبئة الزيوت', 5, 1, 1, '20eabe5d64b0e216796e834f52d61fd0b70332fc', 2),
(250, 350, 'أشرف أحمد سيد حسين', 1, 5, 'مدير عام مساعد انتاج السولار', 1, 'انتاج السولار', 9, 1, 1, '20eabe5d64b0e216796e834f52d61fd0b70332fc', 2),
(251, 351, 'إبراهيم صلاح الدين محمد ابراهيم هيبه', 1, 5, 'مدير عام مساعد البنوك و النقد الاجنبى و الجمارك', 1, 'البنوك والنقد الاجنبى والجمارك', 7, 1, 1, '20eabe5d64b0e216796e834f52d61fd0b70332fc', 2),
(252, 352, 'محمد سالم الهادى سالم صالح', 1, 5, 'مدير عام مساعد الدراسات و البرمجة الفنية', 1, 'الدراسات و البرمجة الفنية', 2, 1, 1, '20eabe5d64b0e216796e834f52d61fd0b70332fc', 2),
(253, 353, 'إبراهيم مصطفى حموده عبد الفتاح', 1, 4, 'مدير إدارة المتابعة و البرمجة الفنية', 2, 'الدراسات و البرمجة الفنية', 2, 1, 1, '20eabe5d64b0e216796e834f52d61fd0b70332fc', 1),
(254, 354, 'محمد أمير على صادق', 1, 4, 'مدير إدارة النقد الاجنبى و الجمارك و القروض', 2, 'البنوك والنقد الاجنبى والجمارك', 7, 1, 1, '20eabe5d64b0e216796e834f52d61fd0b70332fc', 1),
(255, 355, 'شاهيناز طلعت محمد الخراشى', 1, 4, 'مدير إدارة الشبكات', 2, 'نظم و تكنولوجيا المعلومات', 1, 1, 1, '20eabe5d64b0e216796e834f52d61fd0b70332fc', 1),
(256, 356, 'باهى محمد عبد العظيم عبد الحميد', 1, 7, 'رئيس قسم انتاج السولار ورادى', 2, 'انتاج السولار', 9, 2, 1, '20eabe5d64b0e216796e834f52d61fd0b70332fc', 1),
(257, 358, 'أمنية سمير حسن نور الدين', 1, 7, 'رئيس قسم النظم المساعدة و مكافحة الحريق', 2, 'انظمة التحكم الالى', 25, 1, 1, '20eabe5d64b0e216796e834f52d61fd0b70332fc', 1),
(258, 359, 'مصطفى العزب محمود محمد', 1, 5, 'مدير عام مساعد بالادارة العامة للهندسة الكهربائية ( ندب )', 1, 'الدراسات الفنية للهندسة الكهربائية', 19, 1, 1, '20eabe5d64b0e216796e834f52d61fd0b70332fc', 2),
(259, 360, 'كريم على أمين على سليمان', 1, 5, 'مدير عام مساعد صيانة الاجهزة ( ندب )', 1, 'صيانة الاجهزة', 13, 1, 1, '20eabe5d64b0e216796e834f52d61fd0b70332fc', 2),
(260, 361, 'وائل محمد رجب السيد', 1, 6, 'مدير إدارة بإدارة التصميم و المواصفات', 2, 'المكتب الهندسى', 4, 1, 1, '20eabe5d64b0e216796e834f52d61fd0b70332fc', 2),
(261, 362, 'محمد محمود محمد عبد الله', 1, 4, 'مدير إدارة الدراسات الفنية للهندسة الكهربائية', 2, 'الدراسات الفنية للهندسة الكهربائية', 19, 1, 1, '20eabe5d64b0e216796e834f52d61fd0b70332fc', 1),
(262, 363, 'عمر حسين فتح الله عيسى', 1, 4, 'مدير إدارة تحاليل المياه و البيئة', 2, 'تحاليل المياه و الغازات و البيئة', 15, 1, 1, '20eabe5d64b0e216796e834f52d61fd0b70332fc', 1),
(263, 364, 'سامح عبد العزيز محمد أبو الخير', 1, 5, 'مدير عام مساعد حماية البيئة ( ندب )', 1, 'حماية البيئة', 16, 1, 1, '20eabe5d64b0e216796e834f52d61fd0b70332fc', 2),
(264, 365, 'وليد محمد عبدالله أحمد', 1, 12, 'رئيس قسم بقسم وحدات الهدرجة ورادى', 2, 'هدرجة الزيوت و الشموع', 6, 2, 1, '20eabe5d64b0e216796e834f52d61fd0b70332fc', 1),
(265, 367, 'غادة يحيى نصر الدين يحيى هيبه', 1, 5, 'مدير عام مساعد التدريب الخارجى', 1, 'التدريب الخارجى', 27, 1, 1, '20eabe5d64b0e216796e834f52d61fd0b70332fc', 2),
(266, 369, 'محمد مصطفى مصطفى النزهى', 1, 12, 'رئيس قسم بقسم ازالة العطريات و الحزام الساخن ورادى', 2, 'ازالة العطريات و الحزام الساخن', 5, 2, 1, '20eabe5d64b0e216796e834f52d61fd0b70332fc', 1),
(267, 370, 'عصام محمد محمد السيد', 1, 6, 'مدير إدارة بإدارة التغذية و التبريد و الترشيح و طلمبات الخلخلة', 2, 'التغذية و التبريد و الترشيح و طلمبات الخلخلة', 5, 1, 1, '20eabe5d64b0e216796e834f52d61fd0b70332fc', 2),
(268, 371, 'محمد كمال رمضان محمد كشك', 1, 7, 'رئيس قسم الضواغط و استرجاع المذيب ورادى', 2, 'الضواغط و استرجاع المذيب', 5, 2, 1, '20eabe5d64b0e216796e834f52d61fd0b70332fc', 1),
(269, 372, 'محمد محمود درويش أبو بكر', 1, 7, 'رئيس قسم التغذية و التبريد و الترشيح و طلمبات الخلخلة ورادى', 2, 'التغذية و التبريد و الترشيح و طلمبات الخلخلة', 5, 2, 1, '20eabe5d64b0e216796e834f52d61fd0b70332fc', 1),
(270, 373, 'رفعت إبراهيم حسن إبراهيم', 1, 12, 'رئيس قسم بقسم ازالة العطريات و الحزام الساخن ورادى', 2, 'ازالة العطريات و الحزام الساخن', 5, 2, 1, '20eabe5d64b0e216796e834f52d61fd0b70332fc', 1),
(271, 374, 'أحمد عبد القادر حسين محمد', 1, 6, 'مدير إدارة بإدارة ازالة العطريات و الحزام الساخن', 2, 'ازالة العطريات و الحزام الساخن', 5, 1, 1, '20eabe5d64b0e216796e834f52d61fd0b70332fc', 2),
(272, 375, 'عبد الرازق عبد القادر عبد القادر صالح', 1, 6, 'مدير إدارة بإدارة التغذية و التبريد و الترشيح و طلمبات الخلخلة', 2, 'التغذية و التبريد و الترشيح و طلمبات الخلخلة', 5, 1, 1, '20eabe5d64b0e216796e834f52d61fd0b70332fc', 2),
(273, 376, 'حسام الدين سعد الدين اسماعيل على', 1, 6, 'مدير إدارة بإدارة ازالة العطريات و الحزام الساخن', 2, 'ازالة العطريات و الحزام الساخن', 5, 1, 1, '20eabe5d64b0e216796e834f52d61fd0b70332fc', 2),
(274, 377, 'مصطفى ممدوح عيسى عبد الرحيم', 1, 7, 'رئيس قسم الضواغط و استرجاع المذيب ورادى', 2, 'الضواغط و استرجاع المذيب', 5, 2, 1, '20eabe5d64b0e216796e834f52d61fd0b70332fc', 1),
(275, 378, 'هشام عباس محمد السيد البنا', 1, 6, 'مدير إدارة بإدارة الضواغط و استرجاع المذيب', 2, 'الضواغط و استرجاع المذيب', 5, 1, 1, '20eabe5d64b0e216796e834f52d61fd0b70332fc', 2),
(276, 379, 'محمد إبراهيم محمد محمد بيومى', 1, 6, 'مدير إدارة بإدارة الضواغط و استرجاع المذيب', 2, 'الضواغط و استرجاع المذيب', 5, 1, 1, '20eabe5d64b0e216796e834f52d61fd0b70332fc', 2),
(277, 380, 'وليد شعبان محمد أبو زيد', 1, 7, 'رئيس قسم الضواغط و استرجاع المذيب ورادى', 2, 'الضواغط و استرجاع المذيب', 5, 2, 1, '20eabe5d64b0e216796e834f52d61fd0b70332fc', 1),
(278, 381, 'حسين عبد العليم عبد العظيم على', 1, 12, 'رئيس قسم بقسم الضواغط و استرجاع المذيب ورادى', 2, 'الضواغط و استرجاع المذيب', 5, 2, 1, '20eabe5d64b0e216796e834f52d61fd0b70332fc', 1),
(279, 382, 'الحسين كمال عبد الله عباس', 1, 12, 'رئيس قسم بقسم ازالة العطريات و الحزام الساخن ورادى', 2, 'ازالة العطريات و الحزام الساخن', 5, 2, 1, '20eabe5d64b0e216796e834f52d61fd0b70332fc', 1),
(280, 383, 'زكريا إبراهيم صابر على', 1, 6, 'مدير إدارة بإدارة ازالة العطريات و الحزام الساخن', 2, 'ازالة العطريات و الحزام الساخن', 5, 1, 1, '20eabe5d64b0e216796e834f52d61fd0b70332fc', 2),
(281, 384, 'كمال عبد الفتاح عبد الوهاب مصطفى', 1, 12, 'رئيس قسم بقسم ازالة العطريات و الحزام الساخن ورادى', 2, 'ازالة العطريات و الحزام الساخن', 5, 2, 1, '20eabe5d64b0e216796e834f52d61fd0b70332fc', 1),
(282, 385, 'محمد حسن جعفر أحمد حسن', 1, 6, 'مدير إدارة بإدارة الخدمات الادارية و الاجتماعية', 2, 'الخدمات الادارية و الاجتماعية', 1, 1, 1, '20eabe5d64b0e216796e834f52d61fd0b70332fc', 2),
(283, 386, 'محمد زكى على سليمان النجار', 1, 7, 'رئيس قسم التغذية و التبريد و الترشيح و طلمبات الخلخلة ورادى', 2, 'التغذية و التبريد و الترشيح و طلمبات الخلخلة', 5, 2, 1, '20eabe5d64b0e216796e834f52d61fd0b70332fc', 1);
INSERT INTO `t_data` (`ID`, `emp_code`, `emp_name`, `contract_type`, `id_job`, `desc_job`, `level_id`, `management`, `g_management_id`, `day_night`, `active`, `Password`, `id_userGroup`) VALUES
(284, 388, 'رمضان يحيى محمد عبد العاطى', 1, 12, 'رئيس قسم بقسم التغذية و التبريد و الترشيح و طلمبات الخلخلة ورادى', 2, 'التغذية و التبريد و الترشيح و طلمبات الخلخلة', 5, 2, 1, '20eabe5d64b0e216796e834f52d61fd0b70332fc', 1),
(285, 389, 'محمد سمير مصطفى مختار', 1, 12, 'رئيس قسم بقسم التغذية و التبريد و الترشيح و طلمبات الخلخلة ورادى', 2, 'التغذية و التبريد و الترشيح و طلمبات الخلخلة', 5, 2, 1, '20eabe5d64b0e216796e834f52d61fd0b70332fc', 1),
(286, 390, 'أحمد فوزى السيد سعد', 1, 6, 'مدير إدارة بإدارة التغذية و التبريد و الترشيح و طلمبات الخلخلة', 2, 'التغذية و التبريد و الترشيح و طلمبات الخلخلة', 5, 1, 1, '20eabe5d64b0e216796e834f52d61fd0b70332fc', 2),
(287, 391, 'أحمد محمود أحمد اسماعيل', 1, 12, 'رئيس قسم بقسم التغذية و التبريد و الترشيح و طلمبات الخلخلة ورادى', 2, 'التغذية و التبريد و الترشيح و طلمبات الخلخلة', 5, 2, 1, '20eabe5d64b0e216796e834f52d61fd0b70332fc', 1),
(288, 392, 'محمد محمد فتح الله الشريف', 1, 6, 'مدير إدارة بإدارة الضواغط و استرجاع المذيب', 2, 'الضواغط و استرجاع المذيب', 5, 1, 1, '20eabe5d64b0e216796e834f52d61fd0b70332fc', 2),
(289, 393, 'محمد شحاته سالم سالم الهنداوى', 1, 6, 'مدير إدارة بإدارة صب الشموع', 2, 'صب و تغليف الشموع', 6, 1, 1, '20eabe5d64b0e216796e834f52d61fd0b70332fc', 2),
(290, 394, 'أيمن يونس عبد الفتاح عبد الجواد', 1, 6, 'مدير إدارة بإدارة ازالة العطريات و الحزام الساخن', 2, 'ازالة العطريات و الحزام الساخن', 5, 1, 1, '20eabe5d64b0e216796e834f52d61fd0b70332fc', 2),
(291, 395, 'محمد صبحى محمد حسين', 1, 6, 'مدير إدارة بإدارة ازالة العطريات و الحزام الساخن', 2, 'ازالة العطريات و الحزام الساخن', 5, 1, 1, '20eabe5d64b0e216796e834f52d61fd0b70332fc', 2),
(292, 396, 'ياسر محمد سعيد نور الدين', 1, 6, 'مدير إدارة بإدارة الخدمات الادارية و الاجتماعية', 2, 'الخدمات الادارية و الاجتماعية', 1, 1, 1, '20eabe5d64b0e216796e834f52d61fd0b70332fc', 2),
(293, 397, 'هانى محمد رشاد عبد العزيز', 1, 6, 'مدير إدارة بإدارة هدرجة الزيوت و الشموع', 2, 'هدرجة الزيوت و الشموع', 6, 1, 1, '20eabe5d64b0e216796e834f52d61fd0b70332fc', 2),
(294, 398, 'محمد أحمد عبد السلام نور الدين احمد', 1, 6, 'مدير إدارة بإدارة هدرجة الزيوت و الشموع', 2, 'هدرجة الزيوت و الشموع', 6, 1, 1, '20eabe5d64b0e216796e834f52d61fd0b70332fc', 2),
(295, 399, 'محمد محمد حامد مهنا', 1, 6, 'مدير إدارة بإدارة انتاج الغازات ( ندب )', 2, 'انتاج الغازات و تفريغ الكيماويات و مستلزمات الانتاج', 6, 2, 1, '20eabe5d64b0e216796e834f52d61fd0b70332fc', 2),
(296, 400, 'أحمد فوزى أبوضيف', 1, 6, 'مدير إدارة بإدارة انتاج الغازات ( ندب )', 2, 'انتاج الغازات و تفريغ الكيماويات و مستلزمات الانتاج', 6, 2, 1, '20eabe5d64b0e216796e834f52d61fd0b70332fc', 2),
(297, 401, 'وليد يوسف اسماعيل عبد النبى', 1, 6, 'مدير إدارة بإدارة انتاج الغازات', 2, 'انتاج الغازات و تفريغ الكيماويات و مستلزمات الانتاج', 6, 1, 1, '20eabe5d64b0e216796e834f52d61fd0b70332fc', 2),
(298, 402, 'عادل محمد بدوى محمد احمد', 1, 6, 'مدير إدارة بإدارة انتاج الغازات', 2, 'انتاج الغازات و تفريغ الكيماويات و مستلزمات الانتاج', 6, 1, 1, '20eabe5d64b0e216796e834f52d61fd0b70332fc', 2),
(299, 403, 'عماد السيد محمود مصطفى الفقى', 1, 7, 'رئيس قسم انتاج الغازات ورادى', 2, 'انتاج الغازات و تفريغ الكيماويات و مستلزمات الانتاج', 6, 2, 1, '20eabe5d64b0e216796e834f52d61fd0b70332fc', 1),
(300, 404, 'عمرو محمد محمد المزين', 1, 12, 'رئيس قسم بقسم انتاج الغازات ورادى', 2, 'انتاج الغازات و تفريغ الكيماويات و مستلزمات الانتاج', 6, 2, 1, '20eabe5d64b0e216796e834f52d61fd0b70332fc', 1),
(301, 405, 'تامر محمد السيد عبد اللطيف', 1, 6, 'مدير إدارة بإدارة هدرجة الزيوت و الشموع', 2, 'هدرجة الزيوت و الشموع', 6, 1, 1, '20eabe5d64b0e216796e834f52d61fd0b70332fc', 2),
(302, 406, 'أحمد محمد اسماعيل على', 1, 12, 'رئيس قسم بقسم وحدات الهدرجة ورادى', 2, 'هدرجة الزيوت و الشموع', 6, 2, 1, '20eabe5d64b0e216796e834f52d61fd0b70332fc', 1),
(303, 407, 'إيهاب أحمد عبد الحليم الزلاط', 1, 6, 'مدير إدارة بإدارة هدرجة الزيوت و الشموع', 2, 'هدرجة الزيوت و الشموع', 6, 1, 1, '20eabe5d64b0e216796e834f52d61fd0b70332fc', 2),
(304, 408, 'حسن محمود حسن خليل', 1, 6, 'مدير إدارة بإدارة هدرجة الزيوت و الشموع', 2, 'هدرجة الزيوت و الشموع', 6, 1, 1, '20eabe5d64b0e216796e834f52d61fd0b70332fc', 2),
(305, 409, 'بركات حسن السيد حسن', 1, 12, 'رئيس قسم بقسم وحدات الهدرجة ورادى', 2, 'هدرجة الزيوت و الشموع', 6, 2, 1, '20eabe5d64b0e216796e834f52d61fd0b70332fc', 1),
(306, 410, 'محمد إبراهيم عبد الموجود أبو النصر', 1, 12, 'رئيس قسم بقسم انتاج الغازات ورادى', 2, 'انتاج الغازات و تفريغ الكيماويات و مستلزمات الانتاج', 6, 2, 1, '20eabe5d64b0e216796e834f52d61fd0b70332fc', 1),
(307, 411, 'محمد السيد محمد حسين سيد احمد', 1, 6, 'مدير إدارة بإدارة هدرجة الزيوت و الشموع', 2, 'هدرجة الزيوت و الشموع', 6, 1, 1, '20eabe5d64b0e216796e834f52d61fd0b70332fc', 2),
(308, 412, 'حاتم محمود محمد محمد محجوب', 1, 12, 'رئيس قسم بقسم انتاج الغازات ورادى', 2, 'انتاج الغازات و تفريغ الكيماويات و مستلزمات الانتاج', 6, 2, 1, '20eabe5d64b0e216796e834f52d61fd0b70332fc', 1),
(309, 413, 'قنديل متولى قنديل متولى', 1, 12, 'رئيس قسم بقسم انتاج الغازات ورادى', 2, 'انتاج الغازات و تفريغ الكيماويات و مستلزمات الانتاج', 6, 2, 1, '20eabe5d64b0e216796e834f52d61fd0b70332fc', 1),
(310, 414, 'أيمن عبد المجيد عيد خليل', 1, 12, 'رئيس قسم بقسم وحدات الهدرجة ورادى', 2, 'هدرجة الزيوت و الشموع', 6, 2, 1, '20eabe5d64b0e216796e834f52d61fd0b70332fc', 1),
(311, 416, 'شريف رضوان ضيف الله عبد العاطى', 1, 6, 'مدير إدارة بإدارة هدرجة الزيوت و الشموع', 2, 'هدرجة الزيوت و الشموع', 6, 1, 1, '20eabe5d64b0e216796e834f52d61fd0b70332fc', 2),
(312, 417, 'اسامه حمدى السيد محمد حسنين', 1, 6, 'مدير إدارة بإدارة انتاج الغازات', 2, 'انتاج الغازات و تفريغ الكيماويات و مستلزمات الانتاج', 6, 1, 1, '20eabe5d64b0e216796e834f52d61fd0b70332fc', 2),
(313, 419, 'محمد محمد محمد إبراهيم البادى', 1, 12, 'رئيس قسم بقسم انتاج الغازات ورادى', 2, 'انتاج الغازات و تفريغ الكيماويات و مستلزمات الانتاج', 6, 2, 1, '20eabe5d64b0e216796e834f52d61fd0b70332fc', 1),
(314, 420, 'محمد محمد محمد محمد دياب', 1, 6, 'مدير إدارة بإدارة انتاج الغازات', 2, 'انتاج الغازات و تفريغ الكيماويات و مستلزمات الانتاج', 6, 1, 1, '20eabe5d64b0e216796e834f52d61fd0b70332fc', 2),
(315, 421, 'محمد عبد الله عبد الحميد بدران', 1, 12, 'رئيس قسم بقسم انتاج الغازات ورادى', 2, 'انتاج الغازات و تفريغ الكيماويات و مستلزمات الانتاج', 6, 2, 1, '20eabe5d64b0e216796e834f52d61fd0b70332fc', 1),
(316, 422, 'وليد طلعت أحمد محمد', 1, 6, 'مدير إدارة بإدارة هدرجة الزيوت و الشموع ( ندب )', 2, 'هدرجة الزيوت و الشموع', 6, 2, 1, '20eabe5d64b0e216796e834f52d61fd0b70332fc', 2),
(317, 423, 'تامر أحمد تامر أحمد منصور', 1, 6, 'مدير إدارة بإدارة هدرجة الزيوت و الشموع', 2, 'هدرجة الزيوت و الشموع', 6, 1, 1, '20eabe5d64b0e216796e834f52d61fd0b70332fc', 2),
(318, 424, 'منصور مرسى الدسوقى محمد حسين', 1, 6, 'مدير إدارة بإدارة انتاج الغازات', 2, 'انتاج الغازات و تفريغ الكيماويات و مستلزمات الانتاج', 6, 1, 1, '20eabe5d64b0e216796e834f52d61fd0b70332fc', 2),
(319, 425, 'أحمد كامل محمد محمود', 1, 6, 'مدير إدارة بإدارة انتاج الغازات', 2, 'انتاج الغازات و تفريغ الكيماويات و مستلزمات الانتاج', 6, 1, 1, '20eabe5d64b0e216796e834f52d61fd0b70332fc', 2),
(320, 427, 'حبيب محمد حبيب محمد', 1, 6, 'مدير إدارة بإدارة الغلايات', 2, 'الغلايات و المعالجة', 18, 1, 1, '20eabe5d64b0e216796e834f52d61fd0b70332fc', 2),
(321, 428, 'أحمد فوزى عبد الرحمن أحمد', 1, 12, 'رئيس قسم بقسم الغلايات ورادى', 2, 'الغلايات و المعالجة', 18, 2, 1, '20eabe5d64b0e216796e834f52d61fd0b70332fc', 1),
(322, 429, 'محمود أحمد محمود عرابى', 1, 12, 'رئيس قسم بقسم الغلايات ورادى', 2, 'الغلايات و المعالجة', 18, 2, 1, '20eabe5d64b0e216796e834f52d61fd0b70332fc', 1),
(323, 430, 'محمد عطيه محمد خميس', 1, 6, 'مدير إدارة بإدارة الغلايات', 2, 'الغلايات و المعالجة', 18, 1, 1, '20eabe5d64b0e216796e834f52d61fd0b70332fc', 2),
(324, 431, 'عيد عبد القادر محمد عبد الرازق', 1, 6, 'مدير إدارة بإدارة الديزل و الضواغط و الوقود و الشعلة', 2, 'المرافق', 18, 1, 1, '20eabe5d64b0e216796e834f52d61fd0b70332fc', 2),
(325, 432, 'محمد عبد المنعم على الدسوقى', 1, 6, 'مدير إدارة بإدارة الغلايات', 2, 'الغلايات و المعالجة', 18, 1, 1, '20eabe5d64b0e216796e834f52d61fd0b70332fc', 2),
(326, 433, 'رامى السيد على محمود هلال', 1, 6, 'مدير إدارة بإدارة الغلايات', 2, 'الغلايات و المعالجة', 18, 1, 1, '20eabe5d64b0e216796e834f52d61fd0b70332fc', 2),
(327, 434, 'هيثم أحمد مختار إبراهيم على', 1, 12, 'رئيس قسم بقسم الغلايات ورادى', 2, 'الغلايات و المعالجة', 18, 2, 1, '20eabe5d64b0e216796e834f52d61fd0b70332fc', 1),
(328, 435, 'طه كامل طه عقل', 1, 6, 'مدير إدارة بإدارة المعالجة و المتكثفات', 2, 'الغلايات و المعالجة', 18, 1, 1, '20eabe5d64b0e216796e834f52d61fd0b70332fc', 2),
(329, 436, 'طلعت لبيب حماد احمد سعد', 1, 6, 'مدير إدارة بإدارة الغلايات', 2, 'الغلايات و المعالجة', 18, 1, 1, '20eabe5d64b0e216796e834f52d61fd0b70332fc', 2),
(330, 437, 'شريف أحمد محمد مصطفى', 1, 6, 'مدير إدارة بإدارة أنظمة التبريد و الاحواض الفاصلة و الصرف', 2, 'المرافق', 18, 1, 1, '20eabe5d64b0e216796e834f52d61fd0b70332fc', 2),
(331, 438, 'عبد المجيد عبد الفتاح عبد المجيد محمد', 1, 6, 'مدير إدارة بإدارة الديزل و الضواغط و الوقود و الشعلة', 2, 'المرافق', 18, 1, 1, '20eabe5d64b0e216796e834f52d61fd0b70332fc', 2),
(332, 439, 'محمد ياقوت إبراهيم سيد', 1, 12, 'رئيس قسم بقسم حركة تغذية وحدات تعظيم انتاج السولار', 2, 'حركة مواد تغذية الشركة', 3, 1, 1, '20eabe5d64b0e216796e834f52d61fd0b70332fc', 1),
(333, 440, 'أحمد عبد المنعم السيد محمد', 1, 12, 'رئيس قسم بقسم التبريد و المياه الدافئة و الصرف ( ورادى )', 2, 'المرافق', 18, 1, 1, '20eabe5d64b0e216796e834f52d61fd0b70332fc', 1),
(334, 441, 'محمد علاء الدين حمزه عبد العاطى', 1, 12, 'رئيس قسم بقسم المعالجة و المتكثفات ورادى', 2, 'الغلايات و المعالجة', 18, 1, 1, '20eabe5d64b0e216796e834f52d61fd0b70332fc', 1),
(335, 442, 'قطب خليفه السيد محمد', 1, 12, 'رئيس قسم بقسم المعالجة و المتكثفات ورادى', 2, 'الغلايات و المعالجة', 18, 1, 1, '20eabe5d64b0e216796e834f52d61fd0b70332fc', 1),
(336, 443, 'محمد وجيه على على', 1, 6, 'مدير إدارة بإدارة أنظمة التبريد و الاحواض الفاصلة و الصرف', 2, 'المرافق', 18, 1, 1, '20eabe5d64b0e216796e834f52d61fd0b70332fc', 2),
(337, 444, 'عبد السميع رمضان عبد المجيد على', 1, 6, 'مدير إدارة بإدارة الديزل و الضواغط و الوقود و الشعلة ( ندب )', 2, 'المرافق', 18, 1, 1, '20eabe5d64b0e216796e834f52d61fd0b70332fc', 2),
(338, 445, 'أحمد حسن خميس حسن', 1, 12, 'رئيس قسم بقسم المعالجة و المتكثفات ورادى', 2, 'الغلايات و المعالجة', 18, 1, 1, '20eabe5d64b0e216796e834f52d61fd0b70332fc', 1),
(339, 446, 'محمد إبراهيم يونس رضوان', 1, 12, 'رئيس قسم بقسم الشحن و الترحيلات الخارجية', 2, 'حركة منتجات الشركة', 3, 1, 1, '20eabe5d64b0e216796e834f52d61fd0b70332fc', 1),
(340, 447, 'هشام عباس عرابى عباس', 1, 6, 'مدير إدارة بإدارة حركة منتجات وحدات الزيوت و الشموع', 2, 'حركة منتجات الشركة', 3, 1, 1, '20eabe5d64b0e216796e834f52d61fd0b70332fc', 2),
(341, 448, 'وائل محمد فهمى حامد', 1, 6, 'مدير إدارة بإدارة حركة تغذية وحدات الزيوت و الشموع', 2, 'حركة مواد تغذية الشركة', 3, 1, 1, '20eabe5d64b0e216796e834f52d61fd0b70332fc', 2),
(342, 449, 'اسامه عبد المنعم محمد أحمد', 1, 6, 'مدير إدارة بإدارة حركة منتجات وحدات الزيوت و الشموع', 2, 'حركة منتجات الشركة', 3, 1, 1, '20eabe5d64b0e216796e834f52d61fd0b70332fc', 2),
(343, 450, 'محمد محمد محمود بخاتى', 1, 12, 'رئيس قسم بقسم الشحن و الترحيلات الخارجية', 2, 'حركة منتجات الشركة', 3, 1, 1, '20eabe5d64b0e216796e834f52d61fd0b70332fc', 1),
(344, 451, 'محمد فتحى محمد أبو راجح', 1, 6, 'مدير إدارة بإدارة حركة تغذية وحدات الزيوت و الشموع', 2, 'حركة مواد تغذية الشركة', 3, 1, 1, '20eabe5d64b0e216796e834f52d61fd0b70332fc', 2),
(345, 452, 'صبرى محمد خضر مهدى', 1, 6, 'مدير إدارة بإدارة حركة منتجات وحدات الزيوت و الشموع', 2, 'حركة منتجات الشركة', 3, 1, 1, '20eabe5d64b0e216796e834f52d61fd0b70332fc', 2),
(346, 453, 'السيد على عبد العاطى أبو سلامه', 1, 6, 'مدير إدارة بإدارة حركة تغذية وحدات تعظيم انتاج السولار', 2, 'حركة مواد تغذية الشركة', 3, 1, 1, '20eabe5d64b0e216796e834f52d61fd0b70332fc', 2),
(347, 454, 'إبراهيم محمد رضوان محمد', 1, 6, 'مدير إدارة بإدارة حركة تغذية وحدات تعظيم انتاج السولار', 2, 'حركة مواد تغذية الشركة', 3, 1, 1, '20eabe5d64b0e216796e834f52d61fd0b70332fc', 2),
(348, 455, 'محمود سليمان عبد السلام أحمد', 1, 6, 'مدير إدارة بإدارة حركة منتجات وحدات تعظيم انتاج السولار', 2, 'حركة منتجات الشركة', 3, 1, 1, '20eabe5d64b0e216796e834f52d61fd0b70332fc', 2),
(349, 456, 'محمد عبد المنعم عباس إبراهيم', 1, 6, 'مدير إدارة بإدارة الشحن و الترحيلات الخارجية', 2, 'حركة منتجات الشركة', 3, 1, 1, '20eabe5d64b0e216796e834f52d61fd0b70332fc', 2),
(350, 457, 'سعيد عجمى عبد السلام محمد', 1, 6, 'مدير إدارة بإدارة حركة منتجات وحدات تعظيم انتاج السولار', 2, 'حركة منتجات الشركة', 3, 1, 1, '20eabe5d64b0e216796e834f52d61fd0b70332fc', 2),
(351, 458, 'محمد درويش محمد درويش', 1, 6, 'مدير إدارة بإدارة حركة منتجات وحدات تعظيم انتاج السولار', 2, 'حركة منتجات الشركة', 3, 1, 1, '20eabe5d64b0e216796e834f52d61fd0b70332fc', 2),
(352, 459, 'مدحت صابر السيد جابر', 1, 6, 'مدير إدارة بإدارة حركة تغذية وحدات تعظيم انتاج السولار', 2, 'حركة مواد تغذية الشركة', 3, 1, 1, '20eabe5d64b0e216796e834f52d61fd0b70332fc', 2),
(353, 460, 'أيمن أحمد عبد الحميد عبد العزيز', 1, 6, 'مدير إدارة بإدارة حركة منتجات وحدات تعظيم انتاج السولار', 2, 'حركة منتجات الشركة', 3, 1, 1, '20eabe5d64b0e216796e834f52d61fd0b70332fc', 2),
(354, 461, 'محمد زين العابدين السيد الطيب', 1, 6, 'مدير إدارة بإدارة حركة تغذية وحدات تعظيم انتاج السولار', 2, 'حركة مواد تغذية الشركة', 3, 1, 1, '20eabe5d64b0e216796e834f52d61fd0b70332fc', 2),
(355, 462, 'طارق إبراهيم محمد القليط', 1, 6, 'مدير إدارة بإدارة التقطير التفريغى', 2, 'التقطير التفريغى', 9, 1, 1, '20eabe5d64b0e216796e834f52d61fd0b70332fc', 2),
(356, 463, 'إيهاب محمود محمد الطويل', 1, 6, 'مدير إدارة بإدارة التقطير التفريغى', 2, 'التقطير التفريغى', 9, 1, 1, '20eabe5d64b0e216796e834f52d61fd0b70332fc', 2),
(357, 464, 'محمد فهمى على عبد الباقى', 1, 6, 'مدير إدارة بإدارة التقطير التفريغى', 2, 'التقطير التفريغى', 9, 1, 1, '20eabe5d64b0e216796e834f52d61fd0b70332fc', 2),
(358, 465, 'أحمد سعيد محمد حسن', 1, 12, 'رئيس قسم بقسم تنفيذ البرامج الداخلية و برامج الحاسب الالى', 2, 'التدريب الداخلى', 27, 1, 1, '20eabe5d64b0e216796e834f52d61fd0b70332fc', 1),
(359, 466, 'أشرف أحمد رجب أحمد', 1, 12, 'رئيس قسم بقسم التقطير التفريغى ورادى', 2, 'التقطير التفريغى', 9, 1, 1, '20eabe5d64b0e216796e834f52d61fd0b70332fc', 1),
(360, 467, 'عماد الدين سمير رشيد توفيق', 1, 12, 'رئيس قسم بقسم التبريد و المياه الدافئة و الصرف ( ورادى )', 2, 'المرافق', 18, 1, 1, '20eabe5d64b0e216796e834f52d61fd0b70332fc', 1),
(361, 468, 'أنس محمود أحمد عليمى', 1, 6, 'مدير إدارة بإدارة التقطير التفريغى', 2, 'التقطير التفريغى', 9, 1, 1, '20eabe5d64b0e216796e834f52d61fd0b70332fc', 2),
(362, 469, 'خالد السمان أحمد رحاب', 1, 6, 'مدير إدارة بإدارة التقطير التفريغى', 2, 'التقطير التفريغى', 9, 1, 1, '20eabe5d64b0e216796e834f52d61fd0b70332fc', 2),
(363, 470, 'محمد جابر أحمد طه', 1, 12, 'رئيس قسم بقسم التقطير التفريغى ورادى', 2, 'التقطير التفريغى', 9, 1, 1, '20eabe5d64b0e216796e834f52d61fd0b70332fc', 1),
(364, 471, 'محمد عبد القادر حسن يوسف', 1, 6, 'مدير إدارة بإدارة التقطير التفريغى', 2, 'التقطير التفريغى', 9, 1, 1, '20eabe5d64b0e216796e834f52d61fd0b70332fc', 2),
(365, 472, 'راضى عبد الحافظ على الجمل', 1, 6, 'مدير إدارة بإدارة التقطير التفريغى', 2, 'التقطير التفريغى', 9, 1, 1, '20eabe5d64b0e216796e834f52d61fd0b70332fc', 2),
(366, 473, 'محمد حسين رزق إبراهيم', 1, 12, 'رئيس قسم بقسم التقطير التفريغى ورادى', 2, 'التقطير التفريغى', 9, 1, 1, '20eabe5d64b0e216796e834f52d61fd0b70332fc', 1),
(367, 474, 'هانى إبراهيم عبد المجيد يوسف', 1, 6, 'مدير إدارة بإدارة التقطير التفريغى', 2, 'التقطير التفريغى', 9, 1, 1, '20eabe5d64b0e216796e834f52d61fd0b70332fc', 2),
(368, 475, 'مدحت أحمد مصطفى أحمد', 1, 6, 'مدير إدارة بإدارة التقطير التفريغى', 2, 'التقطير التفريغى', 9, 1, 1, '20eabe5d64b0e216796e834f52d61fd0b70332fc', 2),
(369, 476, 'محمد عبد النبى عسران على', 1, 6, 'مدير إدارة بإدارة التقطير التفريغى', 2, 'التقطير التفريغى', 9, 1, 1, '20eabe5d64b0e216796e834f52d61fd0b70332fc', 2),
(370, 477, 'أحمد حسن إبراهيم قاسم', 1, 6, 'مدير إدارة بإدارة التقطير التفريغى', 2, 'التقطير التفريغى', 9, 1, 1, '20eabe5d64b0e216796e834f52d61fd0b70332fc', 2),
(371, 478, 'أحمد عبد الله سيد محمد عيسى', 1, 6, 'مدير إدارة بإدارة التقطير التفريغى', 2, 'التقطير التفريغى', 9, 1, 1, '20eabe5d64b0e216796e834f52d61fd0b70332fc', 2),
(372, 479, 'محمد البدرى محمد بسطاوى', 1, 6, 'مدير إدارة بإدارة التقطير التفريغى', 2, 'التقطير التفريغى', 9, 1, 1, '20eabe5d64b0e216796e834f52d61fd0b70332fc', 2),
(373, 480, 'حسن أحمد عبد الله نصر', 1, 12, 'رئيس قسم بقسم التقطير التفريغى ورادى', 2, 'التقطير التفريغى', 9, 1, 1, '20eabe5d64b0e216796e834f52d61fd0b70332fc', 1),
(374, 481, 'محمد جابر محمد رفاعى', 1, 12, 'رئيس قسم بقسم التقطير التفريغى ورادى', 2, 'التقطير التفريغى', 9, 1, 1, '20eabe5d64b0e216796e834f52d61fd0b70332fc', 1),
(375, 482, 'رامى محمود جمعه عبد المجيد', 1, 6, 'مدير إدارة بإدارة التقطير التفريغى', 2, 'التقطير التفريغى', 9, 1, 1, '20eabe5d64b0e216796e834f52d61fd0b70332fc', 2),
(376, 483, 'محمد صبره محمد احمد عثمان', 1, 6, 'مدير إدارة بإدارة التقطير التفريغى', 2, 'التقطير التفريغى', 9, 1, 1, '20eabe5d64b0e216796e834f52d61fd0b70332fc', 2),
(377, 484, 'أحمد محمد أحمد الحداد', 1, 12, 'رئيس قسم بقسم التقطير التفريغى ورادى', 2, 'التقطير التفريغى', 9, 1, 1, '20eabe5d64b0e216796e834f52d61fd0b70332fc', 1),
(378, 486, 'على عبد الله مختار هبيلة', 1, 6, 'مدير إدارة بإدارة التقطير التفريغى', 2, 'التقطير التفريغى', 9, 1, 1, '20eabe5d64b0e216796e834f52d61fd0b70332fc', 2),
(379, 487, 'عصام عبد الرؤوف على سليمان', 1, 6, 'مدير إدارة بإدارة التقطير التفريغى', 2, 'التقطير التفريغى', 9, 1, 1, '20eabe5d64b0e216796e834f52d61fd0b70332fc', 2),
(380, 488, 'اسامه أبو اليزيد الشاميه', 1, 12, 'رئيس قسم بقسم انتاج السولار ورادى', 2, 'انتاج السولار', 9, 2, 1, '20eabe5d64b0e216796e834f52d61fd0b70332fc', 1),
(381, 489, 'اسماعيل السيد اسماعيل', 1, 6, 'مدير إدارة بإدارة انتاج السولار', 2, 'انتاج السولار', 9, 1, 1, '20eabe5d64b0e216796e834f52d61fd0b70332fc', 2),
(382, 490, 'محمود أحمد رجب أحمد', 1, 6, 'مدير إدارة بإدارة انتاج السولار', 2, 'انتاج السولار', 9, 1, 1, '20eabe5d64b0e216796e834f52d61fd0b70332fc', 2),
(383, 491, 'هانى محمد عبد الحميد الصياد', 1, 12, 'رئيس قسم بقسم انتاج السولار ورادى', 2, 'انتاج السولار', 9, 2, 1, '20eabe5d64b0e216796e834f52d61fd0b70332fc', 1),
(384, 492, 'محمد حسن رسلان عبد العزيز', 1, 6, 'مدير إدارة بإدارة انتاج السولار', 2, 'انتاج السولار', 9, 1, 1, '20eabe5d64b0e216796e834f52d61fd0b70332fc', 2),
(385, 493, 'محمد كمال عبد الرحيم السقعان', 1, 6, 'مدير إدارة بإدارة وحدات المعالجة بالصودا و الامين', 2, 'انتاج السولار', 9, 1, 1, '20eabe5d64b0e216796e834f52d61fd0b70332fc', 2),
(386, 494, 'حامد محمد زياده نويشى', 1, 6, 'مدير إدارة بإدارة انتاج السولار', 2, 'انتاج السولار', 9, 1, 1, '20eabe5d64b0e216796e834f52d61fd0b70332fc', 2),
(387, 495, 'أشرف اسماعيل أحمد الشاذلى', 1, 6, 'مدير إدارة بإدارة انتاج السولار', 2, 'انتاج السولار', 9, 1, 1, '20eabe5d64b0e216796e834f52d61fd0b70332fc', 2),
(388, 497, 'إسلام محمد صالح صادق', 1, 12, 'رئيس قسم بقسم انتاج السولار ورادى', 2, 'انتاج السولار', 9, 2, 1, '20eabe5d64b0e216796e834f52d61fd0b70332fc', 1),
(389, 498, 'محمد رياض عبد الغنى نعيم', 1, 12, 'رئيس قسم بقسم انتاج السولار ورادى', 2, 'انتاج السولار', 9, 2, 1, '20eabe5d64b0e216796e834f52d61fd0b70332fc', 1),
(390, 499, 'محمد محمود محمد السيد عبد الله', 1, 12, 'رئيس قسم بقسم انتاج السولار ورادى', 2, 'انتاج السولار', 9, 2, 1, '20eabe5d64b0e216796e834f52d61fd0b70332fc', 1),
(391, 500, 'محمد أحمد عبد المجيد السيد', 1, 6, 'مدير إدارة بإدارة انتاج السولار', 2, 'انتاج السولار', 9, 1, 1, '20eabe5d64b0e216796e834f52d61fd0b70332fc', 2),
(392, 501, 'طارق بيومى محمود عصر', 1, 6, 'مدير إدارة بإدارة انتاج السولار', 2, 'انتاج السولار', 9, 1, 1, '20eabe5d64b0e216796e834f52d61fd0b70332fc', 2),
(393, 502, 'محمد جابر حسن محمد', 1, 6, 'مدير إدارة بإدارة انتاج السولار', 2, 'انتاج السولار', 9, 1, 1, '20eabe5d64b0e216796e834f52d61fd0b70332fc', 2),
(394, 503, 'أيمن محمد محمد أحمد', 1, 6, 'مدير إدارة بإدارة انتاج السولار', 2, 'انتاج السولار', 9, 1, 1, '20eabe5d64b0e216796e834f52d61fd0b70332fc', 2),
(395, 504, 'أحمد حمدى عبد الجليل حسن', 1, 12, 'رئيس قسم بقسم انتاج السولار ورادى', 2, 'انتاج السولار', 9, 2, 1, '20eabe5d64b0e216796e834f52d61fd0b70332fc', 1),
(396, 505, 'إبراهيم عبد الخالق أحمد هجام', 1, 6, 'مدير إدارة بإدارة وحدات المعالجة بالصودا و الامين', 2, 'انتاج السولار', 9, 1, 1, '20eabe5d64b0e216796e834f52d61fd0b70332fc', 2),
(397, 506, 'حسام الدين مصطفى حسن إبراهيم', 1, 12, 'رئيس قسم بقسم وحدات المعالجة بالصودا والأمين ورادى', 2, 'انتاج السولار', 9, 2, 1, '20eabe5d64b0e216796e834f52d61fd0b70332fc', 1),
(398, 507, 'حامد أحمد محمد أحمد عيد', 1, 6, 'مدير إدارة بإدارة وحدات المعالجة بالصودا و الامين', 2, 'انتاج السولار', 9, 1, 1, '20eabe5d64b0e216796e834f52d61fd0b70332fc', 2),
(399, 508, 'عماد درويش السيد درويش', 1, 6, 'مدير إدارة بإدارة انتاج السولار', 2, 'انتاج السولار', 9, 1, 1, '20eabe5d64b0e216796e834f52d61fd0b70332fc', 2),
(400, 509, 'عبد العزيز محمود عبد العزيز أحمد', 1, 6, 'مدير إدارة بإدارة وحدات المعالجة بالصودا و الامين', 2, 'انتاج السولار', 9, 1, 1, '20eabe5d64b0e216796e834f52d61fd0b70332fc', 2),
(401, 510, 'عاطف محمد أحمد حسن', 1, 6, 'مدير إدارة بإدارة انتاج السولار', 2, 'انتاج السولار', 9, 1, 1, '20eabe5d64b0e216796e834f52d61fd0b70332fc', 2),
(402, 511, 'سعيد سعيد إبراهيم سالم', 1, 6, 'مدير إدارة بإدارة وحدات المعالجة بالصودا و الامين', 2, 'انتاج السولار', 9, 1, 1, '20eabe5d64b0e216796e834f52d61fd0b70332fc', 2),
(403, 512, 'السيد شفيق السيد شحاتة', 1, 6, 'مدير إدارة بإدارة وحدات المعالجة بالصودا و الامين', 2, 'انتاج السولار', 9, 1, 1, '20eabe5d64b0e216796e834f52d61fd0b70332fc', 2),
(404, 513, 'سعد الدين حسن سعد إبراهيم', 1, 6, 'مدير إدارة بإدارة وحدات المعالجة بالصودا و الامين', 2, 'انتاج السولار', 9, 1, 1, '20eabe5d64b0e216796e834f52d61fd0b70332fc', 2),
(405, 514, 'محمد سعيد سليمان عثمان', 1, 6, 'مدير إدارة بإدارة وحدات المعالجة بالصودا و الامين', 2, 'انتاج السولار', 9, 1, 1, '20eabe5d64b0e216796e834f52d61fd0b70332fc', 2),
(406, 515, 'خالد حنفى محمود حسن', 1, 12, 'رئيس قسم بقسم وحدات المعالجة بالصودا والأمين ورادى', 2, 'انتاج السولار', 9, 2, 1, '20eabe5d64b0e216796e834f52d61fd0b70332fc', 1),
(407, 516, 'ممدوح محمد عبد الحميد عبد العاطى', 1, 6, 'مدير إدارة بإدارة الغلايات', 2, 'الغلايات و المعالجة', 18, 1, 1, '20eabe5d64b0e216796e834f52d61fd0b70332fc', 2),
(408, 517, 'خير الله عبد الرحمن خير الله', 1, 6, 'مدير إدارة بإدارة التقطير التفريغى', 2, 'التقطير التفريغى', 9, 1, 1, '20eabe5d64b0e216796e834f52d61fd0b70332fc', 2),
(409, 518, 'محمد عبد الفتاح محمد عبد الفتاح', 1, 6, 'مدير إدارة بإدارة وحدات المعالجة بالصودا و الامين', 2, 'انتاج السولار', 9, 1, 1, '20eabe5d64b0e216796e834f52d61fd0b70332fc', 2),
(410, 519, 'محمد عبد الحميد محمد عبد الرحيم', 1, 12, 'رئيس قسم بقسم وحدات المعالجة بالصودا والأمين ورادى', 2, 'انتاج السولار', 9, 2, 1, '20eabe5d64b0e216796e834f52d61fd0b70332fc', 1),
(411, 520, 'محمد عبد الحليم عبده', 1, 6, 'مدير إدارة بإدارة وحدات المعالجة بالصودا و الامين', 2, 'انتاج السولار', 9, 1, 1, '20eabe5d64b0e216796e834f52d61fd0b70332fc', 2),
(412, 522, 'إبراهيم على على عيسى النجار', 1, 6, 'مدير إدارة بإدارة مكافحة الحريق', 2, 'مكافحة الحريق و تقليل الخسائر', 16, 1, 1, '20eabe5d64b0e216796e834f52d61fd0b70332fc', 2),
(413, 523, 'محمد ربيع عبد التواب طه الصرفى', 1, 6, 'مدير إدارة بإدارة مكافحة الحريق', 2, 'مكافحة الحريق و تقليل الخسائر', 16, 1, 1, '20eabe5d64b0e216796e834f52d61fd0b70332fc', 2),
(414, 524, 'محمد عبد النبى أحمد الشريف', 1, 6, 'مدير إدارة بإدارة مكافحة الحريق', 2, 'مكافحة الحريق و تقليل الخسائر', 16, 1, 1, '20eabe5d64b0e216796e834f52d61fd0b70332fc', 2),
(415, 525, 'محمد فهمى السيد سليمان', 1, 6, 'مدير إدارة بإدارة مكافحة الحريق', 2, 'مكافحة الحريق و تقليل الخسائر', 16, 1, 1, '20eabe5d64b0e216796e834f52d61fd0b70332fc', 2),
(416, 527, 'إبراهيم عيد السيد قريش', 1, 12, 'رئيس قسم بقسم صيانة شبكات الاطفاء و البلوف المغمور', 2, 'مكافحة الحريق و تقليل الخسائر', 16, 1, 1, '20eabe5d64b0e216796e834f52d61fd0b70332fc', 1),
(417, 528, 'أحمد عبد السلام عبد العزيز المنطاوى', 1, 7, 'رئيس قسم مكافحة الحريق منطقة ( 1 ) ورادى', 2, 'مكافحة الحريق و تقليل الخسائر', 16, 2, 1, '20eabe5d64b0e216796e834f52d61fd0b70332fc', 1),
(418, 529, 'محمد سعيد أحمد شلبى', 1, 12, 'رئيس قسم بقسم مكافحة الحريق منطقة ( 1 ) ورادى', 2, 'مكافحة الحريق و تقليل الخسائر', 16, 2, 1, '20eabe5d64b0e216796e834f52d61fd0b70332fc', 1),
(419, 530, 'محمد شلبى عبد اللطيف محمود', 1, 12, 'رئيس قسم بقسم تشغيل طلمبات الاطفاء ورادى', 2, 'مكافحة الحريق و تقليل الخسائر', 16, 2, 1, '20eabe5d64b0e216796e834f52d61fd0b70332fc', 1),
(420, 531, 'أيمن محمد محمد نعمان', 1, 6, 'مدير إدارة بإدارة مكافحة الحريق', 2, 'مكافحة الحريق و تقليل الخسائر', 16, 1, 1, '20eabe5d64b0e216796e834f52d61fd0b70332fc', 2),
(421, 532, 'مصطفى عوض عبد الوهاب وهدان', 1, 6, 'مدير إدارة بإدارة مكافحة الحريق', 2, 'مكافحة الحريق و تقليل الخسائر', 16, 1, 1, '20eabe5d64b0e216796e834f52d61fd0b70332fc', 2),
(422, 533, 'جمال محمد محمود على', 1, 6, 'مدير إدارة بإدارة مكافحة الحريق', 2, 'مكافحة الحريق و تقليل الخسائر', 16, 1, 1, '20eabe5d64b0e216796e834f52d61fd0b70332fc', 2),
(423, 535, 'حميدو على جويده عبد الله', 1, 6, 'مدير إدارة بإدارة صيانة معدات مكافحة الحريق', 2, 'مكافحة الحريق و تقليل الخسائر', 16, 1, 1, '20eabe5d64b0e216796e834f52d61fd0b70332fc', 2),
(424, 536, 'مصطفى عبد العال أحمد على', 1, 12, 'رئيس قسم بقسم تجهيزات معدات الحريق المتحركة', 2, 'مكافحة الحريق و تقليل الخسائر', 16, 1, 1, '20eabe5d64b0e216796e834f52d61fd0b70332fc', 1),
(425, 537, 'أحمد فهمى أحمد محمود', 1, 12, 'رئيس قسم بقسم مكافحة الحريق منطقة ( 2 ) ورادى', 2, 'مكافحة الحريق و تقليل الخسائر', 16, 2, 1, '20eabe5d64b0e216796e834f52d61fd0b70332fc', 1),
(426, 539, 'محمد كمال الدين أحمد محمد', 1, 6, 'مدير إدارة بإدارة مكافحة الحريق', 2, 'مكافحة الحريق و تقليل الخسائر', 16, 1, 1, '20eabe5d64b0e216796e834f52d61fd0b70332fc', 2),
(427, 540, 'حسن انور عبد الحميد أحمد', 1, 6, 'مدير إدارة بإدارة مكافحة الحريق', 2, 'مكافحة الحريق و تقليل الخسائر', 16, 1, 1, '20eabe5d64b0e216796e834f52d61fd0b70332fc', 2),
(428, 542, 'عبد الجليل فتحى عبد الجليل محمد', 1, 6, 'مدير إدارة بإدارة مكافحة الحريق', 2, 'مكافحة الحريق و تقليل الخسائر', 16, 1, 1, '20eabe5d64b0e216796e834f52d61fd0b70332fc', 2),
(429, 543, 'حلمى عبد اللطيف عبد الحليم الصفتى', 1, 6, 'مدير إدارة بإدارة مكافحة الحريق', 2, 'مكافحة الحريق و تقليل الخسائر', 16, 1, 1, '20eabe5d64b0e216796e834f52d61fd0b70332fc', 2),
(430, 544, 'محمود محمد محمود بسيونى', 1, 12, 'رئيس قسم بقسم تشغيل طلمبات الاطفاء ورادى', 2, 'مكافحة الحريق و تقليل الخسائر', 16, 2, 1, '20eabe5d64b0e216796e834f52d61fd0b70332fc', 1),
(431, 545, 'محمد عبد الجواد أبو العلا القنواتى', 1, 12, 'رئيس قسم بقسم مكافحة الحريق منطقة ( 1 ) ورادى', 2, 'مكافحة الحريق و تقليل الخسائر', 16, 2, 1, '20eabe5d64b0e216796e834f52d61fd0b70332fc', 1),
(432, 546, 'محمد أحمد محمد بخيت', 1, 12, 'رئيس قسم بقسم مكافحة الحريق منطقة ( 1 ) ورادى', 2, 'مكافحة الحريق و تقليل الخسائر', 16, 2, 1, '20eabe5d64b0e216796e834f52d61fd0b70332fc', 1),
(433, 547, 'نادر أحمد جاب الله محمد الطباخ', 1, 12, 'رئيس قسم بقسم تشغيل طلمبات الاطفاء ورادى', 2, 'مكافحة الحريق و تقليل الخسائر', 16, 2, 1, '20eabe5d64b0e216796e834f52d61fd0b70332fc', 1),
(434, 549, 'أحمد عبد السلام عوض فرج', 1, 12, 'رئيس قسم بقسم انتاج الغازات ورادى', 2, 'انتاج الغازات و تفريغ الكيماويات و مستلزمات الانتاج', 6, 2, 1, '20eabe5d64b0e216796e834f52d61fd0b70332fc', 1),
(435, 550, 'عبد الله محمد عبد النبى خلاف', 1, 6, 'مدير إدارة بإدارة الديزل و الضواغط و الوقود و الشعلة', 2, 'المرافق', 18, 1, 1, '20eabe5d64b0e216796e834f52d61fd0b70332fc', 2),
(436, 551, 'وليد الحسينى زكى محمد الديب', 1, 6, 'مدير إدارة بإدارة المعالجة و المتكثفات', 2, 'الغلايات و المعالجة', 18, 1, 1, '20eabe5d64b0e216796e834f52d61fd0b70332fc', 2),
(437, 553, 'طارق عطيه عبد الرحمن محمد أبو طه', 1, 6, 'مدير إدارة بإدارة حركة منتجات وحدات تعظيم انتاج السولار', 2, 'حركة منتجات الشركة', 3, 1, 1, '20eabe5d64b0e216796e834f52d61fd0b70332fc', 2),
(438, 554, 'محمد أحمد محمد على', 1, 12, 'رئيس قسم بقسم ازالة العطريات و الحزام الساخن ورادى', 2, 'ازالة العطريات و الحزام الساخن', 5, 2, 1, '20eabe5d64b0e216796e834f52d61fd0b70332fc', 1),
(439, 555, 'علاء الدين محمد محمود', 1, 12, 'رئيس قسم بقسم تشغيل طلمبات الاطفاء ورادى', 2, 'مكافحة الحريق و تقليل الخسائر', 16, 2, 1, '20eabe5d64b0e216796e834f52d61fd0b70332fc', 1),
(440, 556, 'محمد مصطفى طه مهيا', 1, 12, 'رئيس قسم بقسم انتاج الغازات ورادى', 2, 'انتاج الغازات و تفريغ الكيماويات و مستلزمات الانتاج', 6, 2, 1, '20eabe5d64b0e216796e834f52d61fd0b70332fc', 1),
(441, 557, 'السيد إبراهيم السيد إبراهيم', 1, 12, 'رئيس قسم بقسم الضواغط و استرجاع المذيب ورادى', 2, 'الضواغط و استرجاع المذيب', 5, 2, 1, '20eabe5d64b0e216796e834f52d61fd0b70332fc', 1),
(442, 558, 'إبراهيم أحمد عبد الفضيل', 1, 6, 'مدير إدارة بإدارة صيانة اجهزة التحكم لوحدات الزيوت و الوحدات المساعدة و المرافق', 2, 'صيانة اجهزة التحكم الالى', 25, 1, 1, '20eabe5d64b0e216796e834f52d61fd0b70332fc', 2),
(443, 559, 'عبد النعيم إبراهيم عبد النعيم صالح', 1, 7, 'رئيس قسم صيانة اجهزة التحكم للوحدات المساعدة و المرافق', 2, 'صيانة اجهزة التحكم الالى', 25, 1, 1, '20eabe5d64b0e216796e834f52d61fd0b70332fc', 1),
(444, 561, 'أحمد كريم مصطفى حسين احمد الديب', 1, 7, 'رئيس قسم صيانة اجهزة التحكم لوحدات السولار ( ورادى )', 2, 'صيانة اجهزة التحكم الالى', 25, 1, 1, '20eabe5d64b0e216796e834f52d61fd0b70332fc', 1),
(445, 562, 'هشام بدر حسن محمد مرسى', 1, 6, 'مدير إدارة بإدارة صيانة اجهزة التحكم لوحدات السولار', 2, 'صيانة اجهزة التحكم الالى', 25, 1, 1, '20eabe5d64b0e216796e834f52d61fd0b70332fc', 2),
(446, 563, 'إسلام عادل حسن سلطان', 1, 7, 'رئيس قسم تشغيل المحطات الكهربائية ورادى', 2, 'المحطات الكهربائية', 19, 2, 1, '20eabe5d64b0e216796e834f52d61fd0b70332fc', 1),
(447, 564, 'إبراهيم الصغير بسيونى إبراهيم', 1, 6, 'مدير إدارة بإدارة تشغيل المحطات الكهربائية', 2, 'المحطات الكهربائية', 19, 1, 1, '20eabe5d64b0e216796e834f52d61fd0b70332fc', 2),
(448, 565, 'وحيد سعيد عبد المنعم محمد', 1, 6, 'مدير إدارة بإدارة الصيانة الكهربائية', 2, 'الصيانة الكهربائية', 19, 1, 1, '20eabe5d64b0e216796e834f52d61fd0b70332fc', 2),
(449, 566, 'إسلام إبراهيم حماده محمد محمد', 1, 7, 'رئيس قسم صيانة اجهزة التحكم لوحدات الزيوت ( ورادى )', 2, 'صيانة اجهزة التحكم الالى', 25, 1, 1, '20eabe5d64b0e216796e834f52d61fd0b70332fc', 1),
(450, 567, 'محمود عباس صديق محمد', 1, 6, 'مدير إدارة بإدارة تنفيذ مشروعات الوحدات الانتاجية', 2, 'تنفيذ المشروعات', 4, 1, 1, '20eabe5d64b0e216796e834f52d61fd0b70332fc', 2),
(451, 568, 'محمد سباق حجازى السيد', 1, 6, 'مدير إدارة بإدارة صيانة اجهزة التحكم لوحدات الزيوت و الوحدات المساعدة و المرافق', 2, 'صيانة اجهزة التحكم الالى', 25, 1, 1, '20eabe5d64b0e216796e834f52d61fd0b70332fc', 2),
(452, 569, 'محمد أحمد عبد الله الشناوى', 1, 6, 'مدير إدارة بإدارة الشحن و الترحيلات الخارجية', 2, 'حركة منتجات الشركة', 3, 1, 1, '20eabe5d64b0e216796e834f52d61fd0b70332fc', 2),
(453, 570, 'وجيه على حسن عثمان', 1, 6, 'مدير إدارة بإدارة الشحن و الترحيلات الخارجية', 2, 'حركة منتجات الشركة', 3, 1, 1, '20eabe5d64b0e216796e834f52d61fd0b70332fc', 2),
(454, 571, 'ياسر فتحى محمد أحمد', 1, 6, 'مدير إدارة بإدارة حركة تغذية وحدات الزيوت و الشموع', 2, 'حركة مواد تغذية الشركة', 3, 1, 1, '20eabe5d64b0e216796e834f52d61fd0b70332fc', 2),
(455, 572, 'محمود شكرى جاد الكريم محمد', 1, 6, 'مدير إدارة بإدارة حركة منتجات وحدات الزيوت و الشموع', 2, 'حركة منتجات الشركة', 3, 1, 1, '20eabe5d64b0e216796e834f52d61fd0b70332fc', 2),
(456, 573, 'محمود عنتر محمود السيد', 1, 12, 'رئيس قسم بقسم الشحن و الترحيلات الخارجية', 2, 'حركة منتجات الشركة', 3, 1, 1, '20eabe5d64b0e216796e834f52d61fd0b70332fc', 1),
(457, 574, 'أحمد محمد صلاح أحمد ندا', 1, 12, 'رئيس قسم بقسم حركة تغذية وحدات الزيوت و الشموع', 2, 'حركة مواد تغذية الشركة', 3, 1, 1, '20eabe5d64b0e216796e834f52d61fd0b70332fc', 1),
(458, 575, 'أشرف عبد الراضى سليمان منصور', 1, 5, 'مدير عام مساعد تنفيذ المشروعات ( ندب )', 1, 'تنفيذ المشروعات', 4, 1, 1, '20eabe5d64b0e216796e834f52d61fd0b70332fc', 2),
(459, 576, 'محمد السيد إبراهيم محمد هريدى', 1, 6, 'مدير إدارة بإدارة الغلايات ( ندب )', 2, 'الغلايات و المعالجة', 18, 2, 1, '20eabe5d64b0e216796e834f52d61fd0b70332fc', 2),
(460, 577, 'أحمد محمود ناجى على مصطفى', 1, 6, 'مدير إدارة بإدارة الديزل و الضواغط و الوقود و الشعلة', 2, 'المرافق', 18, 1, 1, '20eabe5d64b0e216796e834f52d61fd0b70332fc', 2),
(461, 578, 'محمد يوسف محمد الغريب فرج', 1, 6, 'مدير إدارة بإدارة المعالجة و المتكثفات', 2, 'الغلايات و المعالجة', 18, 1, 1, '20eabe5d64b0e216796e834f52d61fd0b70332fc', 2),
(462, 579, 'أحمد إسماعيل محمود إسماعيل', 1, 6, 'مدير إدارة بإدارة الديزل و الضواغط و الوقود و الشعلة', 2, 'المرافق', 18, 1, 1, '20eabe5d64b0e216796e834f52d61fd0b70332fc', 2),
(463, 580, 'سامح جابر أحمد محمد', 1, 6, 'مدير إدارة بإدارة الديزل و الضواغط و الوقود و الشعلة', 2, 'المرافق', 18, 1, 1, '20eabe5d64b0e216796e834f52d61fd0b70332fc', 2),
(464, 581, 'على أحمد محمود ناصر', 1, 6, 'مدير إدارة بإدارة أنظمة التبريد و الاحواض الفاصلة و الصرف', 2, 'المرافق', 18, 1, 1, '20eabe5d64b0e216796e834f52d61fd0b70332fc', 2),
(465, 582, 'على سمير السيد ياقوت', 1, 6, 'مدير إدارة بإدارة أنظمة التبريد و الاحواض الفاصلة و الصرف', 2, 'المرافق', 18, 1, 1, '20eabe5d64b0e216796e834f52d61fd0b70332fc', 2),
(466, 583, 'محمد عبد الكريم شعيب محمد', 1, 12, 'رئيس قسم بقسم ازالة العطريات و الحزام الساخن ورادى', 2, 'ازالة العطريات و الحزام الساخن', 5, 2, 1, '20eabe5d64b0e216796e834f52d61fd0b70332fc', 1),
(467, 584, 'رمضان عبد الحميد مصطفى اسماعيل', 1, 6, 'مدير إدارة بإدارة ازالة العطريات و الحزام الساخن', 2, 'ازالة العطريات و الحزام الساخن', 5, 1, 1, '20eabe5d64b0e216796e834f52d61fd0b70332fc', 2),
(468, 585, 'السيد أحمد عبد الرحمن عبد الكريم', 1, 6, 'مدير إدارة بإدارة التغذية و التبريد و الترشيح و طلمبات الخلخلة', 2, 'التغذية و التبريد و الترشيح و طلمبات الخلخلة', 5, 1, 1, '20eabe5d64b0e216796e834f52d61fd0b70332fc', 2),
(469, 586, 'حسن محمد حسن حسن', 1, 6, 'مدير إدارة بإدارة التغذية و التبريد و الترشيح و طلمبات الخلخلة', 2, 'التغذية و التبريد و الترشيح و طلمبات الخلخلة', 5, 1, 1, '20eabe5d64b0e216796e834f52d61fd0b70332fc', 2),
(470, 587, 'أيمن محمد محمود السيد', 1, 6, 'مدير إدارة بإدارة المعالجة و المتكثفات', 2, 'الغلايات و المعالجة', 18, 1, 1, '20eabe5d64b0e216796e834f52d61fd0b70332fc', 2),
(471, 588, 'خالد محمد عبد الحميد محمد', 1, 6, 'مدير إدارة بإدارة ازالة العطريات و الحزام الساخن', 2, 'ازالة العطريات و الحزام الساخن', 5, 1, 1, '20eabe5d64b0e216796e834f52d61fd0b70332fc', 2),
(472, 589, 'محمد كامل محمد كامل', 1, 6, 'مدير إدارة بإدارة الخلط و الاضافات', 2, 'الخلط و الاضافات و تعبئة الزيوت', 5, 1, 1, '20eabe5d64b0e216796e834f52d61fd0b70332fc', 2),
(473, 590, 'عماد محمد محمود أحمد إبراهيم', 1, 6, 'مدير إدارة بإدارة ازالة العطريات و الحزام الساخن', 2, 'ازالة العطريات و الحزام الساخن', 5, 1, 1, '20eabe5d64b0e216796e834f52d61fd0b70332fc', 2),
(474, 591, 'أحمد عبد الفضيل عبد النعيم عبد الجليل', 1, 6, 'مدير إدارة بإدارة انتاج الغازات', 2, 'انتاج الغازات و تفريغ الكيماويات و مستلزمات الانتاج', 6, 1, 1, '20eabe5d64b0e216796e834f52d61fd0b70332fc', 2),
(475, 592, 'سامح إسماعيل محمد إسماعيل النجار', 1, 5, 'مدير عام مساعد حركة منتجات الشركة', 1, 'حركة منتجات الشركة', 3, 1, 1, '20eabe5d64b0e216796e834f52d61fd0b70332fc', 2),
(476, 593, 'منى عباس إبراهيم السيد', 1, 6, 'مدير إدارة بإدارة التسويات المالية و مراقبة الوقت و الاجازات', 2, 'الاستحقاقات', 20, 1, 1, '20eabe5d64b0e216796e834f52d61fd0b70332fc', 1),
(477, 594, 'محمد بركات محمد جابر الانصارى', 1, 6, 'مدير إدارة بإدارة التسويات المالية و مراقبة الوقت و الاجازات', 2, 'الاستحقاقات', 20, 1, 1, '20eabe5d64b0e216796e834f52d61fd0b70332fc', 5),
(478, 595, 'لطفى عباس أحمد حسن', 1, 4, 'مدير إدارة الخدمات المعملية و مستلزمات المعامل', 2, 'الخدمات المعملية و مستلزمات المعامل', 15, 1, 1, '20eabe5d64b0e216796e834f52d61fd0b70332fc', 1),
(479, 596, 'أحمد أحمد على محمود', 1, 12, 'رئيس قسم بقسم متابعة تشغيل المحطات الكهربائية', 2, 'المحطات الكهربائية', 19, 1, 1, '20eabe5d64b0e216796e834f52d61fd0b70332fc', 1),
(480, 597, 'محمد عزيز محمود سيد', 1, 12, 'رئيس قسم بقسم نظم الاتصالات', 2, 'انظمة التحكم الالى', 25, 1, 1, '20eabe5d64b0e216796e834f52d61fd0b70332fc', 1),
(481, 598, 'محمد أحمد السيد عمر عبد الكريم', 1, 7, 'رئيس قسم نظم المعلومات الادارية', 2, 'شئون العاملين', 20, 1, 1, '20eabe5d64b0e216796e834f52d61fd0b70332fc', 1),
(482, 599, 'أحمد فتحى عبد الغنى محمد الشافعي', 1, 5, 'مدير عام مساعد بالادارة العامة للمعامل الكيماوية ( ندب )', 1, 'تحاليل المنتجات و الناقلات', 15, 1, 1, '20eabe5d64b0e216796e834f52d61fd0b70332fc', 2),
(483, 600, 'أحمد صابر عبد العزيز موسى إسماعيل', 1, 4, 'مدير إدارة تحاليل منتجات الزيوت و السولار', 2, 'تحاليل المنتجات و الناقلات', 15, 1, 1, '20eabe5d64b0e216796e834f52d61fd0b70332fc', 1),
(484, 601, 'أحمد محمد محمود على', 1, 4, 'مدير إدارة تقييم بحوث التغذية و المنتجات', 2, 'التقييم و البحوث و الدراسات', 15, 1, 1, '20eabe5d64b0e216796e834f52d61fd0b70332fc', 1),
(485, 602, 'أبوزيد رزق أبوزيد محمد', 1, 6, 'مدير إدارة بإدارة الشحن و الترحيلات الخارجية', 2, 'حركة منتجات الشركة', 3, 1, 1, '20eabe5d64b0e216796e834f52d61fd0b70332fc', 2),
(486, 603, 'مصطفى فوزى عيد عبد القادر', 1, 12, 'رئيس قسم بقسم الصيانة الكهربائية لوحدات الزيوت و الشموع', 2, 'الصيانة الكهربائية', 19, 1, 1, '20eabe5d64b0e216796e834f52d61fd0b70332fc', 1),
(487, 605, 'أشرف إبراهيم سالم الحلفاوى', 1, 6, 'مدير إدارة بإدارة المخازن ( ندب )', 2, 'المخازن', 22, 1, 1, '20eabe5d64b0e216796e834f52d61fd0b70332fc', 2),
(488, 606, 'محمد فريد السيد دومة', 1, 6, 'مدير إدارة بإدارة الامن الميدانى المنطقة ( 1 ) ( ندب )', 2, 'الامن الميدانى', 8, 2, 1, '20eabe5d64b0e216796e834f52d61fd0b70332fc', 2),
(489, 607, 'السيد شحاته راشد بيومى', 1, 6, 'مدير إدارة بإدارة صيانة معدات مكافحة الحريق', 2, 'مكافحة الحريق و تقليل الخسائر', 16, 1, 1, '20eabe5d64b0e216796e834f52d61fd0b70332fc', 2),
(490, 608, 'مصطفى سعيد السيد سليم', 1, 6, 'مدير إدارة بإدارة الامن الميدانى المنطقة ( 1 ) ( ندب )', 2, 'الامن الميدانى', 8, 2, 1, '20eabe5d64b0e216796e834f52d61fd0b70332fc', 2),
(491, 609, 'محمد السيد محمد السيد بكرى', 1, 6, 'مدير إدارة بإدارة حركة النقل ( ندب )', 2, 'النقل', 4, 1, 1, '20eabe5d64b0e216796e834f52d61fd0b70332fc', 2),
(492, 610, 'رضا عليوه محمد سليمان', 1, 6, 'مدير إدارة بإدارة حركة النقل ( ندب )', 2, 'النقل', 4, 1, 1, '20eabe5d64b0e216796e834f52d61fd0b70332fc', 2),
(493, 611, 'أشرف رشاد على محمد', 1, 6, 'مدير إدارة بإدارة حركة النقل ( ندب )', 2, 'النقل', 4, 1, 1, '20eabe5d64b0e216796e834f52d61fd0b70332fc', 2),
(494, 613, 'جمعه عسران أبو الحمد عسران', 1, 12, 'رئيس قسم بقسم حركة الاتوبيسات والبيك اب', 2, 'النقل', 4, 1, 1, '20eabe5d64b0e216796e834f52d61fd0b70332fc', 1),
(495, 614, 'محمد عبد اللطيف محمد الفقى', 1, 6, 'مدير إدارة بإدارة وحدات المعالجة بالصودا و الامين', 2, 'انتاج السولار', 9, 1, 1, '20eabe5d64b0e216796e834f52d61fd0b70332fc', 2),
(496, 615, 'نبيل محمد السيد حسين', 1, 13, 'سباك \" تكرارى \"', 3, 'الصيانة و الخدمات المدنية', 14, 1, 1, '20eabe5d64b0e216796e834f52d61fd0b70332fc', 4),
(497, 616, 'مصطفى شكرى محمد حسن', 1, 5, 'مدير عام مساعد بالادارة العامة للهندسة الكهربائية ( ندب )', 1, 'المحطات الكهربائية', 19, 1, 1, '20eabe5d64b0e216796e834f52d61fd0b70332fc', 2),
(498, 617, 'محمد سعيد صبحى هاشم', 1, 4, 'مدير إدارة صيانة اجهزة التحكم لوحدات السولار', 2, 'صيانة اجهزة التحكم الالى', 25, 1, 1, '20eabe5d64b0e216796e834f52d61fd0b70332fc', 1),
(499, 618, 'إيهاب فاروق عبد العزيز محمود', 1, 6, 'مدير إدارة بإدارة الامن الميدانى المنطقة ( 1 ) ( ندب )', 2, 'الامن الميدانى', 8, 2, 1, '20eabe5d64b0e216796e834f52d61fd0b70332fc', 2),
(500, 619, 'أحمد حسن أحمد خمخم', 1, 5, 'مدير عام مساعد المشتريات المحلية', 1, 'المشتريات المحلية', 22, 1, 1, '20eabe5d64b0e216796e834f52d61fd0b70332fc', 2),
(501, 620, 'غادة محمد ياقوت صبره', 1, 5, 'مدير عام مساعد بالاجهزة المعاونة لرئيس مجلس الادارة و العضو المنتدب ( ندب )', 1, 'الخدمات الادارية و الاجتماعية', 1, 1, 1, '20eabe5d64b0e216796e834f52d61fd0b70332fc', 2),
(502, 621, 'حمدى محمد محمد فرج الله', 1, 12, 'رئيس قسم بقسم حركة تغذية وحدات تعظيم انتاج السولار', 2, 'حركة مواد تغذية الشركة', 3, 1, 1, '20eabe5d64b0e216796e834f52d61fd0b70332fc', 1),
(503, 622, 'سعيد محمد جمال الشبراوى', 1, 12, 'رئيس قسم بقسم حركة منتجات وحدات تعظيم انتاج السولار', 2, 'حركة منتجات الشركة', 3, 1, 1, '20eabe5d64b0e216796e834f52d61fd0b70332fc', 1),
(504, 623, 'أحمد سيف الإسلام أحمد عبد القادر', 1, 12, 'رئيس قسم بقسم حركة تغذية وحدات تعظيم انتاج السولار', 2, 'حركة مواد تغذية الشركة', 3, 1, 1, '20eabe5d64b0e216796e834f52d61fd0b70332fc', 1),
(505, 624, 'إيهاب جابر أحمد محمد', 1, 12, 'رئيس قسم بقسم حركة منتجات وحدات تعظيم انتاج السولار', 2, 'حركة منتجات الشركة', 3, 1, 1, '20eabe5d64b0e216796e834f52d61fd0b70332fc', 1),
(506, 626, 'مروان أحمد عوض السيد سيف الدين', 1, 12, 'رئيس قسم بقسم حركة منتجات وحدات الزيوت و الشموع', 2, 'حركة منتجات الشركة', 3, 1, 1, '20eabe5d64b0e216796e834f52d61fd0b70332fc', 1),
(507, 627, 'علاء مسعد على على على', 1, 12, 'رئيس قسم بقسم الشحن و الترحيلات الخارجية', 2, 'حركة منتجات الشركة', 3, 1, 1, '20eabe5d64b0e216796e834f52d61fd0b70332fc', 1),
(508, 628, 'هشام عبد الظاهر عبدالراضى محمد', 1, 12, 'رئيس قسم بقسم الشحن و الترحيلات الخارجية', 2, 'حركة منتجات الشركة', 3, 1, 1, '20eabe5d64b0e216796e834f52d61fd0b70332fc', 1),
(509, 629, 'أيمن عبدالفتاح عبدالحميد النويهى', 1, 6, 'مدير إدارة بإدارة الشحن و الترحيلات الخارجية', 2, 'حركة منتجات الشركة', 3, 1, 1, '20eabe5d64b0e216796e834f52d61fd0b70332fc', 2),
(510, 630, 'عطيه فتحى عبد الفتاح عبد العزيز', 1, 6, 'مدير إدارة بإدارة الشحن و الترحيلات الخارجية', 2, 'حركة منتجات الشركة', 3, 1, 1, '20eabe5d64b0e216796e834f52d61fd0b70332fc', 2),
(511, 631, 'محمد محرم إبراهيم مجاهد', 1, 6, 'مدير إدارة بإدارة حركة تغذية وحدات الزيوت و الشموع', 2, 'حركة مواد تغذية الشركة', 3, 1, 1, '20eabe5d64b0e216796e834f52d61fd0b70332fc', 2),
(512, 632, 'محمد صبحى جودت الجعرانى', 1, 12, 'رئيس قسم بقسم حركة تغذية وحدات الزيوت و الشموع', 2, 'حركة مواد تغذية الشركة', 3, 1, 1, '20eabe5d64b0e216796e834f52d61fd0b70332fc', 1),
(513, 633, 'وليد جابر محمود حسن', 1, 12, 'رئيس قسم بقسم حركة تغذية وحدات تعظيم انتاج السولار', 2, 'حركة مواد تغذية الشركة', 3, 1, 1, '20eabe5d64b0e216796e834f52d61fd0b70332fc', 1),
(514, 634, 'إبراهيم حامد أحمد ماضى', 1, 6, 'مدير إدارة بإدارة حركة منتجات وحدات الزيوت و الشموع', 2, 'حركة منتجات الشركة', 3, 1, 1, '20eabe5d64b0e216796e834f52d61fd0b70332fc', 2),
(515, 635, 'نور الدين خميس محمد محمود', 1, 12, 'رئيس قسم بقسم حركة منتجات وحدات الزيوت و الشموع', 2, 'حركة منتجات الشركة', 3, 1, 1, '20eabe5d64b0e216796e834f52d61fd0b70332fc', 1),
(516, 636, 'شفيق عبد الفتاح عبد الفتاح', 1, 6, 'مدير إدارة بإدارة حركة منتجات وحدات الزيوت و الشموع', 2, 'حركة منتجات الشركة', 3, 1, 1, '20eabe5d64b0e216796e834f52d61fd0b70332fc', 2),
(517, 637, 'هشام اسماعيل صديق اسماعيل', 1, 5, 'مدير عام مساعد التفتيش الهندسي', 1, 'التفتيش الهندسى', 4, 1, 1, '20eabe5d64b0e216796e834f52d61fd0b70332fc', 2),
(518, 638, 'محمد محمود أبو المجد محمد', 1, 6, 'مدير إدارة بإدارة خدمات العملاء', 2, 'خدمات العملاء', 10, 1, 1, '20eabe5d64b0e216796e834f52d61fd0b70332fc', 2),
(519, 639, 'خالد السيد محمد إبراهيم', 1, 12, 'رئيس قسم بقسم ازالة العطريات و الحزام الساخن ورادى', 2, 'ازالة العطريات و الحزام الساخن', 5, 2, 1, '20eabe5d64b0e216796e834f52d61fd0b70332fc', 1),
(520, 640, 'أحمد إبراهيم عبد العزيز عبد المعطى', 1, 12, 'رئيس قسم بقسم وحدات المعالجة بالصودا والأمين ورادى', 2, 'انتاج السولار', 9, 2, 1, '20eabe5d64b0e216796e834f52d61fd0b70332fc', 1),
(521, 641, 'التركى محمد محمد عطية', 1, 12, 'رئيس قسم بقسم وحدات المعالجة بالصودا والأمين ورادى', 2, 'انتاج السولار', 9, 2, 1, '20eabe5d64b0e216796e834f52d61fd0b70332fc', 1),
(522, 643, 'موسى على سليمان محجوب', 1, 3, 'مدير عام بالادارة العامة للشئون المالية', 1, 'المالية', 7, 1, 1, '20eabe5d64b0e216796e834f52d61fd0b70332fc', 2),
(523, 644, 'حازم أحمد حسن عبد الرحمن راشد', 1, 5, 'مدير عام مساعد علاقات المستثمرين ( ندب )', 1, 'علاقات المستثمرين', 17, 1, 1, '20eabe5d64b0e216796e834f52d61fd0b70332fc', 2),
(524, 645, 'أسامة كمال عبد العزيز أحمد', 1, 6, 'مدير إدارة بإدارة تشغيل المحطات الكهربائية', 2, 'المحطات الكهربائية', 19, 1, 1, '20eabe5d64b0e216796e834f52d61fd0b70332fc', 2),
(525, 646, 'ياسر على محمد خليف', 1, 6, 'مدير إدارة بإدارة تشغيل المحطات الكهربائية', 2, 'المحطات الكهربائية', 19, 1, 1, '20eabe5d64b0e216796e834f52d61fd0b70332fc', 2),
(526, 647, 'السيد أحمد على محمد', 1, 6, 'مدير إدارة بإدارة تشغيل المحطات الكهربائية', 2, 'المحطات الكهربائية', 19, 1, 1, '20eabe5d64b0e216796e834f52d61fd0b70332fc', 2),
(527, 648, 'عماد عزت عبد الجواد منصور', 1, 7, 'رئيس قسم تشغيل المحطات الكهربائية ورادى', 2, 'المحطات الكهربائية', 19, 2, 1, '20eabe5d64b0e216796e834f52d61fd0b70332fc', 1),
(528, 649, 'محمد عبد المنعم سالم بدر', 1, 12, 'رئيس قسم بقسم تشغيل المحطات الكهربائية ورادى', 2, 'المحطات الكهربائية', 19, 2, 1, '20eabe5d64b0e216796e834f52d61fd0b70332fc', 1),
(529, 650, 'حسن عبد السلام السيد محمد', 1, 4, 'مدير إدارة المراقبة المركزية للتحكم الآلى ورادى', 2, 'هندسة التحكم الالى', 25, 1, 1, '20eabe5d64b0e216796e834f52d61fd0b70332fc', 1),
(530, 651, 'السيد فتح الله محمد دربالة', 1, 6, 'مدير إدارة بإدارة تشغيل المحطات الكهربائية', 2, 'المحطات الكهربائية', 19, 1, 1, '20eabe5d64b0e216796e834f52d61fd0b70332fc', 2),
(531, 652, 'محمد مهدى سعيد رمضان', 1, 12, 'رئيس قسم بقسم المراقبة المركزية ورادى', 2, 'المراقبة المركزية ورادى', 15, 2, 1, '20eabe5d64b0e216796e834f52d61fd0b70332fc', 1),
(532, 653, 'راضى على عبد القادر محمد', 1, 4, 'مدير إدارة المراقبة المركزية ورادى', 2, 'المراقبة المركزية ورادى', 15, 1, 1, '20eabe5d64b0e216796e834f52d61fd0b70332fc', 1),
(533, 654, 'هانى محسن محمد الراوى', 1, 12, 'رئيس قسم بقسم تحاليل المياه', 2, 'تحاليل المياه و الغازات و البيئة', 15, 1, 1, '20eabe5d64b0e216796e834f52d61fd0b70332fc', 1),
(534, 655, 'محمد عبد الرحمن محمد الشرقاوى', 1, 6, 'مدير إدارة بإدارة المراقبة المركزية ورادى', 2, 'المراقبة المركزية ورادى', 15, 1, 1, '20eabe5d64b0e216796e834f52d61fd0b70332fc', 2),
(535, 656, 'محمد فتحى محمد عبد اللطيف', 1, 6, 'مدير إدارة بإدارة المراقبة المركزية ورادى', 2, 'المراقبة المركزية ورادى', 15, 1, 1, '20eabe5d64b0e216796e834f52d61fd0b70332fc', 2),
(536, 657, 'غازى محمد على مبروك الدخاخنى', 1, 12, 'رئيس قسم بقسم تحاليل البيئة', 2, 'تحاليل المياه و الغازات و البيئة', 15, 1, 1, '20eabe5d64b0e216796e834f52d61fd0b70332fc', 1),
(537, 658, 'عماد عبد الغنى عبد المولى موسى', 1, 6, 'مدير إدارة بإدارة المراقبة المركزية ورادى', 2, 'المراقبة المركزية ورادى', 15, 1, 1, '20eabe5d64b0e216796e834f52d61fd0b70332fc', 2),
(538, 659, 'أحمد إسماعيل أحمد إبراهيم', 1, 12, 'رئيس قسم بقسم المراقبة المركزية ورادى', 2, 'المراقبة المركزية ورادى', 15, 2, 1, '20eabe5d64b0e216796e834f52d61fd0b70332fc', 1),
(539, 660, 'رامى مصطفى محمود أحمد الخياط', 1, 12, 'رئيس قسم بقسم المراقبة المركزية ورادى', 2, 'المراقبة المركزية ورادى', 15, 2, 1, '20eabe5d64b0e216796e834f52d61fd0b70332fc', 1),
(540, 661, 'ياسر محمد عبد المنعم رزق', 1, 7, 'رئيس قسم الخدمات المعملية', 2, 'الخدمات المعملية و مستلزمات المعامل', 15, 1, 1, '20eabe5d64b0e216796e834f52d61fd0b70332fc', 1),
(541, 662, 'أسامة السيد موسى أبو زيد', 1, 12, 'رئيس قسم بقسم تشغيل المحطات الكهربائية ورادى', 2, 'المحطات الكهربائية', 19, 2, 1, '20eabe5d64b0e216796e834f52d61fd0b70332fc', 1),
(542, 663, 'محمود محمود عبد الحى حسن', 1, 6, 'مدير إدارة بإدارة صيانة اجهزة التحكم لوحدات الزيوت و الوحدات المساعدة و المرافق', 2, 'صيانة اجهزة التحكم الالى', 25, 1, 1, '20eabe5d64b0e216796e834f52d61fd0b70332fc', 2),
(543, 664, 'أمير عاشور محمود سالم', 1, 6, 'مدير إدارة بإدارة صيانة اجهزة التحكم لوحدات الزيوت و الوحدات المساعدة و المرافق', 2, 'صيانة اجهزة التحكم الالى', 25, 1, 1, '20eabe5d64b0e216796e834f52d61fd0b70332fc', 2),
(544, 665, 'محمد إبراهيم عبد الهادى أحمد', 1, 6, 'مدير إدارة بإدارة صيانة اجهزة التحكم لوحدات الزيوت و الوحدات المساعدة و المرافق', 2, 'صيانة اجهزة التحكم الالى', 25, 1, 1, '20eabe5d64b0e216796e834f52d61fd0b70332fc', 2),
(545, 666, 'وائل عادل محمد إسماعيل', 1, 6, 'مدير إدارة بإدارة صيانة اجهزة التحكم لوحدات السولار', 2, 'صيانة اجهزة التحكم الالى', 25, 1, 1, '20eabe5d64b0e216796e834f52d61fd0b70332fc', 2),
(546, 667, 'نجوى مصطفى محمد الطوخى', 1, 4, 'مدير إدارة التحليل المالى', 2, 'التحليل المالى و الضرائب', 7, 1, 1, '20eabe5d64b0e216796e834f52d61fd0b70332fc', 1),
(547, 668, 'مصطفى السيد عبد اللطيف قنديل', 1, 12, 'رئيس قسم بقسم الامن و الحراسة المنطقة ( 1 ) ورادى', 2, 'الامن الميدانى', 8, 2, 1, '20eabe5d64b0e216796e834f52d61fd0b70332fc', 1),
(548, 669, 'أحمد حامد إبراهيم حسن', 1, 5, 'مدير عام مساعد الموازنة و التكاليف ( ندب )', 1, 'الموازنة والتكاليف', 7, 1, 1, '20eabe5d64b0e216796e834f52d61fd0b70332fc', 2),
(549, 670, 'عماد حمدى عبد العليم الحنفى', 1, 5, 'مدير عام مساعد مكافحة الحريق و تقليل الخسائر', 1, 'مكافحة الحريق و تقليل الخسائر', 16, 1, 1, '20eabe5d64b0e216796e834f52d61fd0b70332fc', 2),
(550, 671, 'محمود وحيد محمود الصيرفى', 1, 5, 'مدير عام مساعد متابعة التشريعات العمالية ( ندب )', 1, 'متابعة التشريعات العمالية', 20, 1, 1, '20eabe5d64b0e216796e834f52d61fd0b70332fc', 2),
(551, 672, 'إيهاب عباس محمد على', 1, 8, 'ملاحظ ماهر', 2, 'جلب العينات', 15, 1, 1, '20eabe5d64b0e216796e834f52d61fd0b70332fc', 4),
(552, 673, 'علاء جابر محمد أحمد مسعود', 1, 11, 'ملاحظ', 3, 'جلب العينات', 15, 1, 1, '20eabe5d64b0e216796e834f52d61fd0b70332fc', 4),
(553, 675, 'محمد محمود محمد يوسف', 1, 8, 'ملاحظ ماهر', 2, 'جلب العينات', 15, 1, 1, '20eabe5d64b0e216796e834f52d61fd0b70332fc', 4),
(554, 676, 'ياسر حسن أحمد حسن', 1, 11, 'ملاحظ ورادى', 3, 'جلب العينات', 15, 1, 1, '20eabe5d64b0e216796e834f52d61fd0b70332fc', 4),
(555, 677, 'أحمد محمد عقل على', 1, 11, 'ملاحظ', 3, 'جلب العينات', 15, 1, 1, '20eabe5d64b0e216796e834f52d61fd0b70332fc', 4),
(556, 678, 'إسلام صالح بهلول أحمد', 1, 11, 'ملاحظ', 3, 'جلب العينات', 15, 1, 1, '20eabe5d64b0e216796e834f52d61fd0b70332fc', 4),
(557, 679, 'شادى محمد أحمد حلمى', 1, 11, 'ملاحظ ورادى', 3, 'جلب العينات', 15, 1, 1, '20eabe5d64b0e216796e834f52d61fd0b70332fc', 4),
(558, 680, 'إسلام سيف الإسلام عبد الله', 1, 11, 'ملاحظ ورادى', 3, 'جلب العينات', 15, 1, 1, '20eabe5d64b0e216796e834f52d61fd0b70332fc', 4),
(559, 681, 'أحمد محمد حسان عبد المجيد', 1, 11, 'ملاحظ ورادى', 3, 'جلب العينات', 15, 1, 1, '20eabe5d64b0e216796e834f52d61fd0b70332fc', 4),
(560, 682, 'محمد فوزى إبراهيم مليجى', 1, 8, 'ملاحظ ماهر', 2, 'جلب العينات', 15, 1, 1, '20eabe5d64b0e216796e834f52d61fd0b70332fc', 4),
(561, 683, 'علاء محمد مصطفى أبو الدهب', 1, 11, 'ملاحظ ورادى', 3, 'جلب العينات', 15, 1, 1, '20eabe5d64b0e216796e834f52d61fd0b70332fc', 4),
(562, 684, 'إسلام السيد رجب محمد السيد', 1, 12, 'رئيس قسم بقسم الامن و الحراسة المنطقة ( 1 ) ورادى', 2, 'الامن الميدانى', 8, 2, 1, '20eabe5d64b0e216796e834f52d61fd0b70332fc', 1),
(563, 685, 'محمد عبد الرحمن عبد العزيز إبراهيم', 1, 5, 'مدير عام مساعد حسابات الزيوت و الشموع و المنتجات الاخرى ( ندب )', 1, 'حسابات الزيوت و الشموع و المنتجات الاخرى', 7, 1, 1, '20eabe5d64b0e216796e834f52d61fd0b70332fc', 2),
(564, 686, 'هيثم أحمد محمد محمد حزين', 1, 5, 'مدير عام مساعد بالادارة العامة لهندسة التحكم الآلى ( ندب )', 1, 'صيانة اجهزة التحكم الالى', 25, 1, 1, '20eabe5d64b0e216796e834f52d61fd0b70332fc', 2),
(565, 687, 'بدوى على محمد السيد', 1, 5, 'مدير عام مساعد التفتيش الوقائى و السلامة و الصحة المهنية ( ندب )', 1, 'التفتيش الوقائى و السلامة و الصحة المهنية', 16, 1, 1, '20eabe5d64b0e216796e834f52d61fd0b70332fc', 2),
(566, 689, 'أحمد عبد اللطيف أحمد عبد اللطيف', 1, 6, 'مدير إدارة بإدارة مكافحة الحريق', 2, 'مكافحة الحريق و تقليل الخسائر', 16, 1, 1, '20eabe5d64b0e216796e834f52d61fd0b70332fc', 2),
(567, 690, 'محمد محمد على محمد', 1, 6, 'مدير إدارة بإدارة مكافحة الحريق', 2, 'مكافحة الحريق و تقليل الخسائر', 16, 1, 1, '20eabe5d64b0e216796e834f52d61fd0b70332fc', 2),
(568, 691, 'عمرو سعيد محمد محمد', 1, 12, 'رئيس قسم بقسم تجهيزات معدات الحريق المتحركة', 2, 'مكافحة الحريق و تقليل الخسائر', 16, 1, 1, '20eabe5d64b0e216796e834f52d61fd0b70332fc', 1);
INSERT INTO `t_data` (`ID`, `emp_code`, `emp_name`, `contract_type`, `id_job`, `desc_job`, `level_id`, `management`, `g_management_id`, `day_night`, `active`, `Password`, `id_userGroup`) VALUES
(569, 692, 'أحمد شعبان إبراهيم أحمد', 1, 6, 'مدير إدارة بإدارة مكافحة الحريق', 2, 'مكافحة الحريق و تقليل الخسائر', 16, 1, 1, '20eabe5d64b0e216796e834f52d61fd0b70332fc', 2),
(570, 694, 'عصام الدين أحمد محمد بدر الدين', 1, 12, 'رئيس قسم بقسم مكافحة الحريق منطقة ( 1 ) ورادى', 2, 'مكافحة الحريق و تقليل الخسائر', 16, 2, 1, '20eabe5d64b0e216796e834f52d61fd0b70332fc', 1),
(571, 695, 'أحمد محمد عبد القادر غباشى', 1, 12, 'رئيس قسم بقسم مكافحة الحريق منطقة ( 2 ) ورادى', 2, 'مكافحة الحريق و تقليل الخسائر', 16, 2, 1, '20eabe5d64b0e216796e834f52d61fd0b70332fc', 1),
(572, 696, 'عمرو السيد محمد إبراهيم', 1, 6, 'مدير إدارة بإدارة صيانة معدات مكافحة الحريق', 2, 'مكافحة الحريق و تقليل الخسائر', 16, 1, 1, '20eabe5d64b0e216796e834f52d61fd0b70332fc', 2),
(573, 697, 'حسن عبد السلام توفيق مرسى', 1, 6, 'مدير إدارة بإدارة مكافحة الحريق', 2, 'مكافحة الحريق و تقليل الخسائر', 16, 1, 1, '20eabe5d64b0e216796e834f52d61fd0b70332fc', 2),
(574, 698, 'محمد محمد عبد الهادى الروبى', 1, 6, 'مدير إدارة بإدارة صيانة معدات مكافحة الحريق', 2, 'مكافحة الحريق و تقليل الخسائر', 16, 1, 1, '20eabe5d64b0e216796e834f52d61fd0b70332fc', 2),
(575, 701, 'خالد محمود أحمد', 1, 6, 'مدير إدارة بإدارة مكافحة الحريق', 2, 'مكافحة الحريق و تقليل الخسائر', 16, 1, 1, '20eabe5d64b0e216796e834f52d61fd0b70332fc', 2),
(576, 702, 'سامح حبشى جاد حسن', 1, 6, 'مدير إدارة بإدارة مكافحة الحريق', 2, 'مكافحة الحريق و تقليل الخسائر', 16, 1, 1, '20eabe5d64b0e216796e834f52d61fd0b70332fc', 2),
(577, 703, 'محمد صابر عبد الرحمن على المهدى', 1, 12, 'رئيس قسم بقسم مكافحة الحريق منطقة ( 2 ) ورادى', 2, 'مكافحة الحريق و تقليل الخسائر', 16, 2, 1, '20eabe5d64b0e216796e834f52d61fd0b70332fc', 1),
(578, 704, 'صابر سيد أبو ضيف محمد', 1, 6, 'مدير إدارة بإدارة مكافحة الحريق', 2, 'مكافحة الحريق و تقليل الخسائر', 16, 1, 1, '20eabe5d64b0e216796e834f52d61fd0b70332fc', 2),
(579, 705, 'صالح عطية صالح عبد الرازق', 1, 7, 'رئيس قسم مكافحة الحريق منطقة ( 1 ) ورادى', 2, 'مكافحة الحريق و تقليل الخسائر', 16, 2, 1, '20eabe5d64b0e216796e834f52d61fd0b70332fc', 1),
(580, 706, 'حمادة شعبان مختار مرسى', 1, 12, 'رئيس قسم بقسم مكافحة الحريق منطقة ( 2 ) ورادى', 2, 'مكافحة الحريق و تقليل الخسائر', 16, 2, 1, '20eabe5d64b0e216796e834f52d61fd0b70332fc', 1),
(581, 707, 'إيهاب عبد الفتاح محمود الخياط', 1, 6, 'مدير إدارة بإدارة مكافحة الحريق', 2, 'مكافحة الحريق و تقليل الخسائر', 16, 1, 1, '20eabe5d64b0e216796e834f52d61fd0b70332fc', 2),
(582, 708, 'طارق محمد مهدى مجاهد', 1, 12, 'رئيس قسم بقسم مكافحة الحريق منطقة ( 1 ) ورادى', 2, 'مكافحة الحريق و تقليل الخسائر', 16, 2, 1, '20eabe5d64b0e216796e834f52d61fd0b70332fc', 1),
(583, 709, 'وائل مصطفى عبد السلام', 1, 12, 'رئيس قسم بقسم تشغيل طلمبات الاطفاء ورادى', 2, 'مكافحة الحريق و تقليل الخسائر', 16, 2, 1, '20eabe5d64b0e216796e834f52d61fd0b70332fc', 1),
(584, 710, 'ياسر محمد رمضان', 1, 12, 'رئيس قسم بقسم تشغيل طلمبات الاطفاء ورادى', 2, 'مكافحة الحريق و تقليل الخسائر', 16, 2, 1, '20eabe5d64b0e216796e834f52d61fd0b70332fc', 1),
(585, 712, 'أحمد محمد متولى إبراهيم', 1, 6, 'مدير إدارة بإدارة مكافحة الحريق', 2, 'مكافحة الحريق و تقليل الخسائر', 16, 1, 1, '20eabe5d64b0e216796e834f52d61fd0b70332fc', 2),
(586, 714, 'أيمن اسماعيل عبد الحميد محمد', 1, 12, 'رئيس قسم بقسم حركة الميكروباص و الملاكى', 2, 'النقل', 4, 1, 1, '20eabe5d64b0e216796e834f52d61fd0b70332fc', 1),
(587, 715, 'حسين سعيد حسين الشاذلى', 1, 12, 'رئيس قسم بقسم تشغيل طلمبات الاطفاء ورادى', 2, 'مكافحة الحريق و تقليل الخسائر', 16, 2, 1, '20eabe5d64b0e216796e834f52d61fd0b70332fc', 1),
(588, 716, 'عمرو عبد الحميد محمد عبد الحميد', 1, 12, 'رئيس قسم بقسم تشغيل طلمبات الاطفاء ورادى', 2, 'مكافحة الحريق و تقليل الخسائر', 16, 2, 1, '20eabe5d64b0e216796e834f52d61fd0b70332fc', 1),
(589, 717, 'محمود محمد إسماعيل على الصياد', 1, 12, 'رئيس قسم بقسم المراقبة المركزية ورادى', 2, 'المراقبة المركزية ورادى', 15, 2, 1, '20eabe5d64b0e216796e834f52d61fd0b70332fc', 1),
(590, 718, 'أحمد محمد عبده خليل', 1, 12, 'رئيس قسم بقسم مكافحة الحريق منطقة ( 1 ) ورادى', 2, 'مكافحة الحريق و تقليل الخسائر', 16, 2, 1, '20eabe5d64b0e216796e834f52d61fd0b70332fc', 1),
(591, 721, 'خالد محمود سليم ريحان', 1, 6, 'مدير إدارة بإدارة مكافحة الحريق', 2, 'مكافحة الحريق و تقليل الخسائر', 16, 1, 1, '20eabe5d64b0e216796e834f52d61fd0b70332fc', 2),
(592, 722, 'فتحى عبد العاطى جاب الله العياط', 1, 6, 'مدير إدارة بإدارة مكافحة الحريق', 2, 'مكافحة الحريق و تقليل الخسائر', 16, 1, 1, '20eabe5d64b0e216796e834f52d61fd0b70332fc', 2),
(593, 723, 'محمد عبد الناصر محمود حسب الله', 1, 6, 'مدير إدارة بإدارة مكافحة الحريق', 2, 'مكافحة الحريق و تقليل الخسائر', 16, 1, 1, '20eabe5d64b0e216796e834f52d61fd0b70332fc', 2),
(594, 724, 'إبراهيم كامل محمد إبراهيم', 1, 6, 'مدير إدارة بإدارة مكافحة الحريق', 2, 'مكافحة الحريق و تقليل الخسائر', 16, 1, 1, '20eabe5d64b0e216796e834f52d61fd0b70332fc', 2),
(595, 725, 'خالد محمد عطية إبراهيم', 1, 12, 'رئيس قسم بقسم مكافحة الحريق منطقة ( 1 ) ورادى', 2, 'مكافحة الحريق و تقليل الخسائر', 16, 2, 1, '20eabe5d64b0e216796e834f52d61fd0b70332fc', 1),
(596, 726, 'محمد رضا محمد سلامة', 1, 5, 'مدير عام مساعد المخازن ( ندب )', 1, 'المخازن', 22, 1, 1, '20eabe5d64b0e216796e834f52d61fd0b70332fc', 2),
(597, 727, 'نبيل محمد محمد أحمد', 1, 12, 'رئيس قسم بقسم حركة الاتوبيسات والبيك اب', 2, 'النقل', 4, 1, 1, '20eabe5d64b0e216796e834f52d61fd0b70332fc', 1),
(598, 728, 'سعد أحمد محمد أحمد درويش', 1, 12, 'رئيس قسم بقسم حركة الميكروباص و الملاكى', 2, 'النقل', 4, 1, 1, '20eabe5d64b0e216796e834f52d61fd0b70332fc', 1),
(599, 729, 'محمد محمد سعد القالع', 1, 12, 'رئيس قسم بقسم حركة الاتوبيسات والبيك اب', 2, 'النقل', 4, 1, 1, '20eabe5d64b0e216796e834f52d61fd0b70332fc', 1),
(600, 730, 'ياسر محمد السيد منصور', 1, 6, 'مدير إدارة بإدارة الخلط و الاضافات', 2, 'الخلط و الاضافات و تعبئة الزيوت', 5, 1, 1, '20eabe5d64b0e216796e834f52d61fd0b70332fc', 2),
(601, 731, 'أحمد فتحى ضاحى اسماعيل', 1, 12, 'رئيس قسم بقسم مكافحة الحريق منطقة ( 2 ) ورادى', 2, 'مكافحة الحريق و تقليل الخسائر', 16, 2, 1, '20eabe5d64b0e216796e834f52d61fd0b70332fc', 1),
(602, 734, 'محمد عبد العليم عبد العظيم على', 1, 6, 'مدير إدارة بإدارة مكافحة الحريق', 2, 'مكافحة الحريق و تقليل الخسائر', 16, 1, 1, '20eabe5d64b0e216796e834f52d61fd0b70332fc', 2),
(603, 735, 'محمد أحمد عبد اللطيف قاسم', 1, 6, 'مدير إدارة بإدارة مكافحة الحريق', 2, 'مكافحة الحريق و تقليل الخسائر', 16, 1, 1, '20eabe5d64b0e216796e834f52d61fd0b70332fc', 2),
(604, 736, 'أكرم أحمد عبد الغنى التمين', 1, 12, 'رئيس قسم بقسم مكافحة الحريق منطقة ( 2 ) ورادى', 2, 'مكافحة الحريق و تقليل الخسائر', 16, 2, 1, '20eabe5d64b0e216796e834f52d61fd0b70332fc', 1),
(605, 737, 'أحمد عادل عبد المنعم إبراهيم الملاح', 1, 4, 'مدير إدارة حسابات المعاش التكميلى', 2, 'حسابات الاجور و المزايا', 7, 1, 1, '20eabe5d64b0e216796e834f52d61fd0b70332fc', 1),
(606, 738, 'ريم متولى حسين أحمد مصطفى', 1, 4, 'مدير إدارة برامج تشغيل الزيوت ( ندب )', 2, 'برامج التشغيل', 3, 1, 1, '20eabe5d64b0e216796e834f52d61fd0b70332fc', 1),
(607, 739, 'على رشاد على محمد مصطفى داود', 1, 4, 'مدير إدارة حسابات مكافاة نهاية الخدمة و لجنة الخدمات الاجتماعية و علاج الاسر', 2, 'حسابات الاجور و المزايا', 7, 1, 1, '20eabe5d64b0e216796e834f52d61fd0b70332fc', 1),
(608, 740, 'ايمان كمال محمد قنديل', 1, 4, 'مدير إدارة التامينات ( ندب )', 2, 'المزايا و التعويضات', 20, 1, 1, '20eabe5d64b0e216796e834f52d61fd0b70332fc', 1),
(609, 741, 'أحمد فارس عبد الفتاح الشال', 1, 4, 'مدير إدارة العقود و المناقصات و المزايدات', 2, 'المشتريات المحلية', 22, 1, 1, '20eabe5d64b0e216796e834f52d61fd0b70332fc', 1),
(610, 742, 'ماجى محمد عبد الغنى عفيفى', 1, 6, 'مدير إدارة بإدارة التسويات المالية و مراقبة الوقت و الاجازات', 2, 'الاستحقاقات', 20, 1, 1, '9e33e361deff9c06042297830a247464cf4393fd', 5),
(611, 743, 'ايمن يوسف عازر', 1, 7, 'رئيس قسم صيانة طلمبات و تربينات الزيوت و الوحدات المساعدة', 2, 'صيانة الطلمبات و التربينات', 13, 1, 1, '20eabe5d64b0e216796e834f52d61fd0b70332fc', 1),
(612, 744, 'محمود إبراهيم عبد المطلب عبد الله', 1, 7, 'رئيس قسم صيانة سيارات البنزين', 2, 'النقل', 4, 1, 1, '20eabe5d64b0e216796e834f52d61fd0b70332fc', 1),
(613, 746, 'محمد إبراهيم محمد عبد الحميد', 1, 12, 'رئيس قسم بقسم تشغيل طلمبات الاطفاء ورادى', 2, 'مكافحة الحريق و تقليل الخسائر', 16, 2, 1, '20eabe5d64b0e216796e834f52d61fd0b70332fc', 1),
(614, 747, 'عبد المقصود محمود على حسن', 1, 14, 'نجار', 3, 'الصيانة و الخدمات المدنية', 14, 1, 1, '20eabe5d64b0e216796e834f52d61fd0b70332fc', 4),
(615, 748, 'كمال حمدى عبد الواحد عباس', 1, 12, 'رئيس قسم بقسم حركة الاتوبيسات والبيك اب', 2, 'النقل', 4, 1, 1, '20eabe5d64b0e216796e834f52d61fd0b70332fc', 1),
(616, 749, 'سامح عبد الرحمن محمد عبد الرحمن', 1, 7, 'رئيس قسم سكرتارية رئيس مجلس الادارة و العضو المنتدب', 2, 'سكرتارية رئيس مجلس الادارة و العضو المنتدب', 11, 1, 1, '20eabe5d64b0e216796e834f52d61fd0b70332fc', 1),
(617, 750, 'على حسين عبد العزيز حسين', 1, 12, 'رئيس قسم بقسم مراقبة الوقت والاجازات', 2, 'الاستحقاقات', 20, 1, 1, 'f7c3bc1d808e04732adf679965ccc34ca7ae3441', 4),
(618, 751, 'محمد همام عيسى ثابت', 1, 12, 'رئيس قسم بقسم مراقبة الوقت والاجازات', 2, 'الاستحقاقات', 20, 1, 1, '20eabe5d64b0e216796e834f52d61fd0b70332fc', 4),
(619, 752, 'محمد موسى خليفة النحال', 1, 6, 'مدير إدارة بإدارة الخدمات الادارية و الاجتماعية', 2, 'الخدمات الادارية و الاجتماعية', 1, 1, 1, '20eabe5d64b0e216796e834f52d61fd0b70332fc', 2),
(620, 753, 'محمد عبد الله عبد العظيم عبد اللاه', 1, 6, 'مدير إدارة بإدارة التصميم و المواصفات', 2, 'المكتب الهندسى', 4, 1, 1, '20eabe5d64b0e216796e834f52d61fd0b70332fc', 2),
(621, 754, 'عاطف صبرى محروس', 1, 5, 'مدير عام مساعد الصيانة و الخدمات المدنية', 1, 'الصيانة و الخدمات المدنية', 14, 1, 1, '20eabe5d64b0e216796e834f52d61fd0b70332fc', 2),
(622, 755, 'فتحى رمضان محمد بخيت', 1, 12, 'رئيس قسم بقسم الخدمات الهندسية', 2, 'صيانة الاجهزة', 13, 1, 1, '20eabe5d64b0e216796e834f52d61fd0b70332fc', 1),
(623, 757, 'محمد إبراهيم محمد أبو شعيشع', 1, 12, 'رئيس قسم بقسم الشحن و الترحيلات الخارجية', 2, 'حركة منتجات الشركة', 3, 1, 1, '20eabe5d64b0e216796e834f52d61fd0b70332fc', 1),
(624, 758, 'خالد أحمد امين هدية', 1, 12, 'رئيس قسم بقسم حركة الميكروباص و الملاكى', 2, 'النقل', 4, 1, 1, '20eabe5d64b0e216796e834f52d61fd0b70332fc', 1),
(625, 759, 'محمد عبد العال عبد الراضى محمد', 1, 12, 'رئيس قسم بقسم حركة الميكروباص و الملاكى', 2, 'النقل', 4, 1, 1, '20eabe5d64b0e216796e834f52d61fd0b70332fc', 1),
(626, 760, 'فرج عبد الباعث فرج الاخرس', 1, 6, 'مدير إدارة بإدارة الخلط و الاضافات', 2, 'الخلط و الاضافات و تعبئة الزيوت', 5, 1, 1, '20eabe5d64b0e216796e834f52d61fd0b70332fc', 2),
(627, 761, 'محمد السيد عطية أبو قمر', 1, 12, 'رئيس قسم بقسم صب الشموع', 2, 'صب و تغليف الشموع', 6, 1, 1, '20eabe5d64b0e216796e834f52d61fd0b70332fc', 1),
(628, 762, 'محمد محمد عوض البربرى', 1, 12, 'رئيس قسم بقسم صب الشموع', 2, 'صب و تغليف الشموع', 6, 1, 1, '20eabe5d64b0e216796e834f52d61fd0b70332fc', 1),
(629, 763, 'محمد سعد السيد الفرنوانى', 1, 6, 'مدير إدارة بإدارة الضواغط و استرجاع المذيب', 2, 'الضواغط و استرجاع المذيب', 5, 1, 1, '20eabe5d64b0e216796e834f52d61fd0b70332fc', 2),
(630, 764, 'محمود جابر محمود البرقامى', 1, 12, 'رئيس قسم بقسم تعبئة الزيوت', 2, 'الخلط و الاضافات و تعبئة الزيوت', 5, 1, 1, '20eabe5d64b0e216796e834f52d61fd0b70332fc', 1),
(631, 765, 'اسلام يوسف محمد محمود', 1, 12, 'رئيس قسم بقسم صب الشموع', 2, 'صب و تغليف الشموع', 6, 1, 1, '20eabe5d64b0e216796e834f52d61fd0b70332fc', 1),
(632, 766, 'غريب مصطفى غريب جمعة', 1, 12, 'رئيس قسم بقسم مراقبة الوقت والاجازات', 2, 'الاستحقاقات', 20, 1, 1, '20eabe5d64b0e216796e834f52d61fd0b70332fc', 1),
(633, 767, 'حسن محمد محمد حسن عبد الرحمن', 1, 5, 'مدير عام مساعد بالادارة العامة لهندسة التحكم الآلى ( ندب )', 1, 'تخطيط برامج الصيانة للكهرباء و التحكم الآلى', 25, 1, 1, '20eabe5d64b0e216796e834f52d61fd0b70332fc', 2),
(634, 768, 'عمر محمد رزق الزير', 1, 12, 'رئيس قسم بقسم صيانة الاوعية و المبدلات و البلوف', 2, 'صيانة الاجهزة', 13, 1, 1, '20eabe5d64b0e216796e834f52d61fd0b70332fc', 1),
(635, 769, 'موسي السيد إدريس نوح', 1, 12, 'رئيس قسم بقسم صيانة المستودعات', 2, 'صيانة الاجهزة', 13, 1, 1, '20eabe5d64b0e216796e834f52d61fd0b70332fc', 1),
(636, 770, 'محمد سعيد عبد الرؤف حسن', 1, 12, 'رئيس قسم بقسم وحدات الهدرجة ورادى', 2, 'هدرجة الزيوت و الشموع', 6, 2, 1, '20eabe5d64b0e216796e834f52d61fd0b70332fc', 1),
(637, 771, 'محمد عبد الحى سالم الزعلوك', 1, 6, 'مدير إدارة بإدارة صب الشموع ( ندب )', 2, 'صب و تغليف الشموع', 6, 1, 1, '20eabe5d64b0e216796e834f52d61fd0b70332fc', 2),
(638, 772, 'أحمد السيد أحمد محمد إسماعيل', 1, 12, 'رئيس قسم بقسم الخلط و الاضافات', 2, 'الخلط و الاضافات و تعبئة الزيوت', 5, 1, 1, '20eabe5d64b0e216796e834f52d61fd0b70332fc', 1),
(639, 773, 'أحمد زكى محمد سعد فوزى', 1, 7, 'رئيس قسم الديزل و الضواغط و الوقود و الشعلة ورادى', 2, 'المرافق', 18, 1, 1, '20eabe5d64b0e216796e834f52d61fd0b70332fc', 1),
(640, 774, 'أسامة إبراهيم الدسوقى محمد', 1, 6, 'مدير إدارة بإدارة هدرجة الزيوت و الشموع ( ندب )', 2, 'هدرجة الزيوت و الشموع', 6, 2, 1, '20eabe5d64b0e216796e834f52d61fd0b70332fc', 2),
(641, 775, 'عمرو أحمد محمد إبراهيم عطيان', 1, 12, 'رئيس قسم بقسم وحدات الهدرجة ورادى', 2, 'هدرجة الزيوت و الشموع', 6, 2, 1, '20eabe5d64b0e216796e834f52d61fd0b70332fc', 1),
(642, 776, 'محمد مبروك إبراهيم خطاب', 1, 6, 'مدير إدارة بإدارة أنظمة التبريد و الاحواض الفاصلة و الصرف', 2, 'المرافق', 18, 1, 1, '20eabe5d64b0e216796e834f52d61fd0b70332fc', 2),
(643, 777, 'على خميس عوض على', 1, 6, 'مدير إدارة بإدارة الديزل و الضواغط و الوقود و الشعلة ( ندب )', 2, 'المرافق', 18, 1, 1, '20eabe5d64b0e216796e834f52d61fd0b70332fc', 2),
(644, 778, 'على طه محمد عيد علام', 1, 6, 'مدير إدارة بإدارة صب الشموع', 2, 'صب و تغليف الشموع', 6, 1, 1, '20eabe5d64b0e216796e834f52d61fd0b70332fc', 2),
(645, 779, 'وائل محمد حسينى عكاز', 1, 12, 'رئيس قسم بقسم صب الشموع', 2, 'صب و تغليف الشموع', 6, 1, 1, '20eabe5d64b0e216796e834f52d61fd0b70332fc', 1),
(646, 780, 'ايمن عبد الرحمن عبد الحفيظ', 1, 7, 'رئيس قسم التمريض', 2, 'الشئون الطبية', 21, 1, 1, '20eabe5d64b0e216796e834f52d61fd0b70332fc', 1),
(647, 781, 'رمضان محمد حامد محمد معوض', 1, 6, 'مدير إدارة بإدارة صب الشموع ( ندب )', 2, 'صب و تغليف الشموع', 6, 1, 1, '20eabe5d64b0e216796e834f52d61fd0b70332fc', 2),
(648, 782, 'محمد كامل صابر جاب الله', 1, 6, 'مدير إدارة بإدارة حركة منتجات وحدات الزيوت و الشموع', 2, 'حركة منتجات الشركة', 3, 1, 1, '20eabe5d64b0e216796e834f52d61fd0b70332fc', 2),
(649, 783, 'صفوت مصطفى عبد الرازق درويش', 1, 6, 'مدير إدارة بإدارة صيانة طلبمات و تربينات السولار و المرافق و الاحواض الفاصلة', 2, 'صيانة الطلمبات و التربينات', 13, 1, 1, '20eabe5d64b0e216796e834f52d61fd0b70332fc', 2),
(650, 784, 'محمد بدوى فتح الله بدوى', 1, 12, 'رئيس قسم بقسم صيانة طلمبات و تربينات المرافق و الاحواض الفاصلة', 2, 'صيانة الطلمبات و التربينات', 13, 1, 1, '20eabe5d64b0e216796e834f52d61fd0b70332fc', 1),
(651, 785, 'محمد الزناتى يوسف على', 1, 12, 'رئيس قسم بقسم صيانة طلمبات و تربينات وحدات السولار', 2, 'صيانة الطلمبات و التربينات', 13, 1, 1, '20eabe5d64b0e216796e834f52d61fd0b70332fc', 1),
(652, 786, 'جابر محمود أبو بكر أبوالحسن', 1, 12, 'رئيس قسم بقسم صيانة طلمبات و تربينات الزيوت و الوحدات المساعدة', 2, 'صيانة الطلمبات و التربينات', 13, 1, 1, '20eabe5d64b0e216796e834f52d61fd0b70332fc', 1),
(653, 787, 'جميل على عبد العزيز زيد', 1, 6, 'مدير إدارة بإدارة صيانة المعدات الدواره بالزيوت و الوحدات المساعدة و الشموع', 2, 'صيانة المعدات الدواره و التبريد و التكييف', 13, 1, 1, '20eabe5d64b0e216796e834f52d61fd0b70332fc', 2),
(654, 788, 'محمد مصطفى محمد رشاد أبو الخير', 1, 12, 'رئيس قسم بقسم صيانة المعدات الدوارة بالوحدات المساعدة و الشموع و الزيوت', 2, 'صيانة المعدات الدواره و التبريد و التكييف', 13, 1, 1, '20eabe5d64b0e216796e834f52d61fd0b70332fc', 1),
(655, 789, 'إبراهيم زهران محمود أبو زهرة', 1, 12, 'رئيس قسم بقسم الديزل و الضواغط و الوقود و الشعلة ورادى', 2, 'المرافق', 18, 1, 1, '20eabe5d64b0e216796e834f52d61fd0b70332fc', 1),
(656, 790, 'رجب انور شحاتة السمديسى', 1, 6, 'مدير إدارة بإدارة صيانة المعدات الدواره بالسولار و المرافق و الاطفاء و الترحيلات ( ندب )', 2, 'صيانة المعدات الدواره و التبريد و التكييف', 13, 1, 1, '20eabe5d64b0e216796e834f52d61fd0b70332fc', 2),
(657, 791, 'علاء محمد محمد حسين', 1, 6, 'مدير إدارة بإدارة صيانة المعدات الدواره بالسولار و المرافق و الاطفاء و الترحيلات ( ندب )', 2, 'صيانة المعدات الدواره و التبريد و التكييف', 13, 1, 1, '20eabe5d64b0e216796e834f52d61fd0b70332fc', 2),
(658, 792, 'محمد محروس عثمان محمد', 1, 6, 'مدير إدارة بإدارة صيانة المعدات الدواره بالزيوت و الوحدات المساعدة و الشموع ( ندب )', 2, 'صيانة المعدات الدواره و التبريد و التكييف', 13, 1, 1, '20eabe5d64b0e216796e834f52d61fd0b70332fc', 2),
(659, 793, 'محمد عبد العزيز أحمد إبراهيم', 1, 6, 'مدير إدارة بإدارة الخدمات الادارية و الاجتماعية', 2, 'الخدمات الادارية و الاجتماعية', 1, 1, 1, '20eabe5d64b0e216796e834f52d61fd0b70332fc', 2),
(660, 794, 'محمد زكى عبده بركات', 1, 6, 'مدير إدارة بإدارة الديزل و الضواغط و الوقود و الشعلة', 2, 'المرافق', 18, 1, 1, '20eabe5d64b0e216796e834f52d61fd0b70332fc', 2),
(661, 795, 'وائل على مصطفى على كامل', 1, 5, 'مدير عام مساعد خدمات العملاء ( ندب )', 1, 'خدمات العملاء', 10, 1, 1, 'f7c3bc1d808e04732adf679965ccc34ca7ae3441', 2),
(662, 796, 'هبة حسن مدحت محمد حسن', 1, 5, 'مدير عام مساعد المزايا و التعويضات ( ندب )', 1, 'المزايا و التعويضات', 20, 1, 1, '20eabe5d64b0e216796e834f52d61fd0b70332fc', 2),
(663, 798, 'أحمد محمد سيد محمود عمر', 1, 12, 'رئيس قسم بقسم الضواغط و استرجاع المذيب ورادى', 2, 'الضواغط و استرجاع المذيب', 5, 2, 1, '20eabe5d64b0e216796e834f52d61fd0b70332fc', 1),
(664, 799, 'هيثم حسن أحمد رزق', 1, 12, 'رئيس قسم بقسم الديزل و الضواغط و الوقود و الشعلة ورادى', 2, 'المرافق', 18, 1, 1, '20eabe5d64b0e216796e834f52d61fd0b70332fc', 1),
(665, 800, 'أحمد صالح يوسف رجب', 1, 7, 'رئيس قسم انتاج الغازات ورادى', 2, 'انتاج الغازات و تفريغ الكيماويات و مستلزمات الانتاج', 6, 2, 1, '20eabe5d64b0e216796e834f52d61fd0b70332fc', 1),
(666, 801, 'عمرو محمد محمد أحمد', 1, 12, 'رئيس قسم بقسم تشغيل المحطات الكهربائية ورادى', 2, 'المحطات الكهربائية', 19, 2, 1, '20eabe5d64b0e216796e834f52d61fd0b70332fc', 1),
(667, 802, 'نصر إبراهيم عبد العال إسماعيل', 1, 6, 'مدير إدارة بإدارة خدمات التمريض ( ندب )', 2, 'الشئون الطبية', 21, 1, 1, '20eabe5d64b0e216796e834f52d61fd0b70332fc', 2),
(668, 803, 'محمد محمود مختار أبو سمرة', 1, 6, 'مدير إدارة بإدارة هدرجة الزيوت و الشموع ( ندب )', 2, 'هدرجة الزيوت و الشموع', 6, 2, 1, '20eabe5d64b0e216796e834f52d61fd0b70332fc', 2),
(669, 804, 'السيد مصطفى السيد الحلوانى', 1, 12, 'رئيس قسم بقسم تشغيل المحطات الكهربائية ورادى', 2, 'المحطات الكهربائية', 19, 2, 1, '20eabe5d64b0e216796e834f52d61fd0b70332fc', 1),
(670, 805, 'عمرو سالم حسن سالم نصر الدين', 1, 7, 'رئيس قسم الغلايات ورادى', 2, 'الغلايات و المعالجة', 18, 2, 1, '20eabe5d64b0e216796e834f52d61fd0b70332fc', 1),
(671, 806, 'أحمد محمد محمد عبد الحليم', 1, 6, 'مدير إدارة بإدارة المعالجة و المتكثفات ( ندب )', 2, 'الغلايات و المعالجة', 18, 1, 1, '20eabe5d64b0e216796e834f52d61fd0b70332fc', 2),
(672, 807, 'أحمد فتحى حسن محمد العوفى', 1, 6, 'مدير إدارة بإدارة الضواغط و استرجاع المذيب', 2, 'الضواغط و استرجاع المذيب', 5, 1, 1, '20eabe5d64b0e216796e834f52d61fd0b70332fc', 2),
(673, 808, 'حسام الدين عبد الحميد معروف محمد', 1, 7, 'رئيس قسم التغذية و التبريد و الترشيح و طلمبات الخلخلة ورادى', 2, 'التغذية و التبريد و الترشيح و طلمبات الخلخلة', 5, 2, 1, '20eabe5d64b0e216796e834f52d61fd0b70332fc', 1),
(674, 809, 'محمد عبد الرؤف عبد الحليم البنا', 1, 6, 'مدير إدارة بإدارة المشتريات المحلية', 2, 'المشتريات المحلية', 22, 1, 1, '20eabe5d64b0e216796e834f52d61fd0b70332fc', 2),
(675, 810, 'على السيد محمد على حسن السقا', 1, 12, 'رئيس قسم بقسم حركة الميكروباص و الملاكى', 2, 'النقل', 4, 1, 1, '20eabe5d64b0e216796e834f52d61fd0b70332fc', 1),
(676, 811, 'محمد خميس عبد الغنى عمر', 1, 12, 'رئيس قسم بقسم الضواغط و استرجاع المذيب ورادى', 2, 'الضواغط و استرجاع المذيب', 5, 2, 1, '20eabe5d64b0e216796e834f52d61fd0b70332fc', 1),
(677, 812, 'على عبد السلام محمد أبو زيان', 1, 6, 'مدير إدارة بإدارة هدرجة الزيوت و الشموع ( ندب )', 2, 'هدرجة الزيوت و الشموع', 6, 2, 1, '20eabe5d64b0e216796e834f52d61fd0b70332fc', 2),
(678, 813, 'جاد محمد جاد الكريم السيد', 1, 15, 'مشرف خدمات ادارية متقدم', 3, 'سكرتارية شئون مجلس الادارة', 11, 1, 1, '20eabe5d64b0e216796e834f52d61fd0b70332fc', 4),
(679, 814, 'اسلام محمود محمد ابراهيم', 1, 16, 'جلاب عينات متقدم', 3, 'جلب العينات', 15, 1, 1, '20eabe5d64b0e216796e834f52d61fd0b70332fc', 4),
(680, 816, 'ممدوح خميس عوض أحمد', 1, 12, 'رئيس قسم بقسم مراقبة الوقت والاجازات', 2, 'الاستحقاقات', 20, 1, 1, '41410ab2ef71f9ebddf0bd32cdd1d27489ff6b10', 4),
(681, 817, 'ياسر عبد العزيز عطية محمد حماده', 1, 15, 'مشرف خدمات ادارية متقدم', 3, 'الخدمات الادارية و الاجتماعية', 1, 1, 1, '20eabe5d64b0e216796e834f52d61fd0b70332fc', 4),
(682, 819, 'محمد محمود عباس عبد السيد العتى', 1, 5, 'مدير عام مساعد التنظيم و توصيف الوظائف ( ندب )', 1, 'التنظيم و توصيف الوظائف', 26, 1, 1, '20eabe5d64b0e216796e834f52d61fd0b70332fc', 2),
(683, 820, 'غادة محمد نجيب جمال حماد', 1, 4, 'مدير إدارة حسابات الزيوت و الشموع', 2, 'حسابات الزيوت و الشموع و المنتجات الاخرى', 7, 1, 1, '20eabe5d64b0e216796e834f52d61fd0b70332fc', 1),
(684, 821, 'محمد عبد الفتاح محمد دويدار', 1, 6, 'مدير إدارة بإدارة صيانة طلمبات و تربينات السولار و المرافق و الاحواض الفاصلة ( ندب )', 2, 'صيانة الطلمبات و التربينات', 13, 1, 1, '20eabe5d64b0e216796e834f52d61fd0b70332fc', 2),
(685, 822, 'محمد سعد يونس مصباح', 1, 12, 'رئيس قسم بقسم الخدمات الهندسية', 2, 'صيانة الاجهزة', 13, 1, 1, '20eabe5d64b0e216796e834f52d61fd0b70332fc', 1),
(686, 823, 'خالد محسن عبد الرءوف أبو خطوة', 1, 5, 'مدير عام مساعد القضايا و العقود و متابعة تنفيذ الاحكام ( ندب )', 1, 'القضايا و العقود و متابعة تنفيذ الاحكام', 28, 1, 1, '20eabe5d64b0e216796e834f52d61fd0b70332fc', 2),
(687, 824, 'محمد عبد الفتاح شحاته اسماعيل', 1, 12, 'رئيس قسم بقسم حركة الميكروباص و الملاكى', 2, 'النقل', 4, 1, 1, '20eabe5d64b0e216796e834f52d61fd0b70332fc', 1),
(688, 825, 'محمود عبد الرحمن عباس سالم', 1, 12, 'رئيس قسم بقسم حركة الميكروباص و الملاكى', 2, 'النقل', 4, 1, 1, '20eabe5d64b0e216796e834f52d61fd0b70332fc', 1),
(689, 826, 'طارق محمد صالح خليل', 1, 6, 'مدير إدارة بإدارة امن الخطط و المعلومات ( ندب )', 2, 'امن الخطط و المعلومات', 8, 1, 1, '20eabe5d64b0e216796e834f52d61fd0b70332fc', 2),
(690, 827, 'سعيد هاشم عبد الحميد عبد الجليل', 1, 6, 'مدير إدارة بإدارة الامن الميدانى المنطقة ( 1 ) ( ندب )', 2, 'الامن الميدانى', 8, 2, 1, '20eabe5d64b0e216796e834f52d61fd0b70332fc', 2),
(691, 828, 'خالد إبراهيم السيد مرسى', 1, 4, 'مدير إدارة الامن المركزية ( ورادى )', 2, 'الامن المركزية ( ورادى )', 8, 1, 1, '20eabe5d64b0e216796e834f52d61fd0b70332fc', 1),
(692, 829, 'إبراهيم عبدالله سليمان على قشطه', 1, 9, 'مشرف امن متقدم ورادى', 3, 'الامن الميدانى', 8, 2, 1, '20eabe5d64b0e216796e834f52d61fd0b70332fc', 4),
(693, 830, 'أحمد رزق إبراهيم على', 1, 11, 'ملاحظ ورادى', 3, 'جلب العينات', 15, 1, 1, '20eabe5d64b0e216796e834f52d61fd0b70332fc', 4),
(694, 831, 'عبده حسين حسنين محمد', 1, 11, 'ملاحظ ورادى', 3, 'الامن الميدانى', 8, 2, 1, '20eabe5d64b0e216796e834f52d61fd0b70332fc', 4),
(695, 832, 'محمود محمد عبد المحسن اسماعيل', 1, 11, 'ملاحظ ورادى', 3, 'الامن الميدانى', 8, 2, 1, '20eabe5d64b0e216796e834f52d61fd0b70332fc', 4),
(696, 833, 'سعيد يوسف على السيد عابدين', 1, 11, 'ملاحظ ورادى', 3, 'الامن الميدانى', 8, 2, 1, '20eabe5d64b0e216796e834f52d61fd0b70332fc', 4),
(697, 834, 'محمد مفتاح بخاطرة عيسى', 1, 9, 'مشرف امن متقدم ورادى', 3, 'الامن الميدانى', 8, 2, 1, '20eabe5d64b0e216796e834f52d61fd0b70332fc', 4),
(698, 835, 'أحمد مصطفى الغنيمى', 1, 12, 'رئيس قسم بقسم التمريض', 2, 'الشئون الطبية', 21, 1, 1, '20eabe5d64b0e216796e834f52d61fd0b70332fc', 1),
(699, 836, 'إبراهيم عبد المحسن محمد', 1, 12, 'رئيس قسم بقسم التمريض', 2, 'الشئون الطبية', 21, 1, 1, '20eabe5d64b0e216796e834f52d61fd0b70332fc', 1),
(700, 837, 'محمد عبد الكريم خير الله موسى', 1, 12, 'رئيس قسم بقسم حركة الاتوبيسات والبيك اب', 2, 'النقل', 4, 1, 1, '20eabe5d64b0e216796e834f52d61fd0b70332fc', 1),
(701, 838, 'محمد أحمد صديق محمد', 1, 12, 'رئيس قسم بقسم حركة الميكروباص و الملاكى', 2, 'النقل', 4, 1, 1, '20eabe5d64b0e216796e834f52d61fd0b70332fc', 1),
(702, 839, 'أحمد السيد محمد السيد', 1, 12, 'رئيس قسم بقسم حركة الاتوبيسات والبيك اب', 2, 'النقل', 4, 1, 1, '20eabe5d64b0e216796e834f52d61fd0b70332fc', 1),
(703, 841, 'سامح سعيد خليل عبد العزيز', 1, 15, 'مشرف خدمات ادارية متقدم', 3, 'الخدمات الادارية و الاجتماعية', 1, 1, 1, '20eabe5d64b0e216796e834f52d61fd0b70332fc', 4),
(704, 842, 'محمد السيد أحمد على نصر', 1, 5, 'مدير عام مساعد شئون العاملين ( ندب )', 1, 'شئون العاملين', 20, 1, 1, '20eabe5d64b0e216796e834f52d61fd0b70332fc', 2),
(705, 843, 'على أحمد على أحمد القمارى', 1, 5, 'مدير عام مساعد التحقيقات و الشكاوى و الفتاوى ( ندب )', 1, 'التحقيقات و الشكاوى و الفتاوى', 28, 1, 1, '20eabe5d64b0e216796e834f52d61fd0b70332fc', 2),
(706, 844, 'عصام محمود عبد اللطيف أحمد', 1, 6, 'مدير إدارة بإدارة الخدمات الادارية و الاجتماعية ( ندب )', 2, 'الخدمات الادارية و الاجتماعية', 1, 1, 1, '20eabe5d64b0e216796e834f52d61fd0b70332fc', 2),
(707, 846, 'هند عبدة عبد السميع حنضل', 1, 4, 'مدير إدارة التسويات الضريبية', 2, 'التحليل المالى و الضرائب', 7, 1, 1, '20eabe5d64b0e216796e834f52d61fd0b70332fc', 1),
(708, 848, 'رشا أحمد مجدى محمد موسى', 1, 4, 'مدير إدارة التسويات المالية و مراقبة الوقت و الاجازات', 2, 'الاستحقاقات', 20, 1, 1, '20eabe5d64b0e216796e834f52d61fd0b70332fc', 2),
(709, 849, 'أسامة محمد محمود اسماعيل السيد', 1, 6, 'مدير إدارة بإدارة التحقيقات و الشكاوى', 2, 'التحقيقات و الشكاوى و الفتاوى', 28, 1, 1, '20eabe5d64b0e216796e834f52d61fd0b70332fc', 2),
(710, 850, 'وجدى شندى عبد العاطى عبد الخالق', 1, 12, 'رئيس قسم بقسم الخزينة', 2, 'البنوك والنقد الاجنبى والجمارك', 7, 1, 1, '20eabe5d64b0e216796e834f52d61fd0b70332fc', 1),
(711, 851, 'عمرو السيد محمود الشاذلى', 1, 5, 'مدير عام مساعد برامج التشغيل ( ندب )', 1, 'برامج التشغيل', 3, 1, 1, '20eabe5d64b0e216796e834f52d61fd0b70332fc', 2),
(712, 852, 'طارق عبد العزيز إبراهيم بلال', 1, 12, 'رئيس قسم بقسم حركة الاتوبيسات والبيك اب', 2, 'النقل', 4, 1, 1, '20eabe5d64b0e216796e834f52d61fd0b70332fc', 1),
(713, 854, 'عمرو محمد يوسف القمرى', 1, 5, 'مدير عام مساعد حركة مواد تغذية الشركة ( ندب )', 1, 'حركة مواد تغذية الشركة', 3, 1, 1, '20eabe5d64b0e216796e834f52d61fd0b70332fc', 2),
(714, 857, 'هبة حسام عبد العظيم عبد الله', 1, 5, 'مدير عام مساعد بالادارة العامة للهندسة المدنية ( ندب )', 1, 'الصيانة و الخدمات المدنية', 14, 1, 1, '20eabe5d64b0e216796e834f52d61fd0b70332fc', 2),
(715, 858, 'على محمد أحمد محمد إبراهيم', 1, 17, 'مشرف تعبئة متقدم \" ورادى \"', 3, 'صب و تغليف الشموع', 6, 1, 1, '20eabe5d64b0e216796e834f52d61fd0b70332fc', 4),
(716, 859, 'انجى عز الدين إبراهيم حرك', 1, 5, 'مدير عام مساعد تخطيط الموارد البشرية ( ندب )', 1, 'تخطيط الموارد البشرية', 26, 1, 1, '20eabe5d64b0e216796e834f52d61fd0b70332fc', 2),
(717, 860, 'محمد جمال محمد أحمد', 1, 12, 'رئيس قسم بقسم صيانة المعدات الدوارة بوحدات الVDU و المرافق و الإطفاء', 2, 'صيانة المعدات الدواره و التبريد و التكييف', 13, 1, 1, '20eabe5d64b0e216796e834f52d61fd0b70332fc', 1),
(718, 861, 'محمد محمود حموده رمضان', 1, 4, 'مدير إدارة الضواغط و استرجاع المذيب', 2, 'التغذية و التبريد و الترشيح و طلمبات الخلخلة', 5, 1, 1, '20eabe5d64b0e216796e834f52d61fd0b70332fc', 1),
(719, 862, 'سيد محمد مصطفى على', 1, 18, 'فنى صيانة ماهر', 2, 'صيانة المعدات الدواره و التبريد و التكييف', 13, 1, 1, '20eabe5d64b0e216796e834f52d61fd0b70332fc', 4),
(720, 863, 'أحمد هاشم أحمد إبراهيم', 1, 12, 'رئيس قسم بقسم حركة الاتوبيسات والبيك اب', 2, 'النقل', 4, 1, 1, '20eabe5d64b0e216796e834f52d61fd0b70332fc', 1),
(721, 864, 'محمد حسن عوض محمد حسن', 1, 12, 'رئيس قسم بقسم حركة الاتوبيسات والبيك اب', 2, 'النقل', 4, 1, 1, '20eabe5d64b0e216796e834f52d61fd0b70332fc', 1),
(722, 865, 'حسام محمد سلامة عطية طنطاوى', 1, 12, 'رئيس قسم بقسم صب الشموع', 2, 'صب و تغليف الشموع', 6, 1, 1, '20eabe5d64b0e216796e834f52d61fd0b70332fc', 1),
(723, 866, 'عبد العزيز إبراهيم رزق محمد', 1, 7, 'رئيس قسم الديزل و الضواغط و الوقود و الشعلة ورادى', 2, 'المرافق', 18, 1, 1, '20eabe5d64b0e216796e834f52d61fd0b70332fc', 1),
(724, 867, 'ممدوح محمد حسنين أحمد', 1, 12, 'رئيس قسم بقسم التبريد و المياه الدافئة و الصرف ( ورادى )', 2, 'المرافق', 18, 1, 1, '20eabe5d64b0e216796e834f52d61fd0b70332fc', 1),
(725, 869, 'محمد محمد السيد الشارونى', 1, 12, 'رئيس قسم بقسم انتاج السولار ورادى', 2, 'انتاج السولار', 9, 2, 1, '20eabe5d64b0e216796e834f52d61fd0b70332fc', 1),
(726, 870, 'ايمن محمد عبد العزيز محمد', 1, 6, 'مدير إدارة بإدارة هدرجة الزيوت و الشموع', 2, 'هدرجة الزيوت و الشموع', 6, 1, 1, '20eabe5d64b0e216796e834f52d61fd0b70332fc', 2),
(727, 871, 'حمدى قبيصى غانم محمد', 1, 12, 'رئيس قسم بقسم وحدات الهدرجة ورادى', 2, 'هدرجة الزيوت و الشموع', 6, 2, 1, '20eabe5d64b0e216796e834f52d61fd0b70332fc', 1),
(728, 872, 'خالد حسن عبده إبراهيم', 1, 6, 'مدير إدارة بإدارة ازالة العطريات و الحزام الساخن', 2, 'ازالة العطريات و الحزام الساخن', 5, 1, 1, '20eabe5d64b0e216796e834f52d61fd0b70332fc', 2),
(729, 873, 'أحمد محمد نور الدين اسماعيل', 1, 12, 'رئيس قسم بقسم الخدمات الادارية', 2, 'الخدمات الادارية و الاجتماعية', 1, 1, 1, '20eabe5d64b0e216796e834f52d61fd0b70332fc', 1),
(730, 874, 'أحمد سليم اسماعيل عبد الله', 1, 12, 'رئيس قسم بقسم الضواغط و استرجاع المذيب ورادى', 2, 'الضواغط و استرجاع المذيب', 5, 2, 1, '20eabe5d64b0e216796e834f52d61fd0b70332fc', 1),
(731, 875, 'محمود محمد أحمد سعيد', 1, 7, 'رئيس قسم التغذية و التبريد و الترشيح و طلمبات الخلخلة ورادى', 2, 'التغذية و التبريد و الترشيح و طلمبات الخلخلة', 5, 2, 1, '20eabe5d64b0e216796e834f52d61fd0b70332fc', 1),
(732, 876, 'عبد البارى عبد الوهاب عبد البارى فرحات', 1, 19, 'مراقب تكرير ماهر ورادى', 2, 'التغذية و التبريد و الترشيح و طلمبات الخلخلة', 5, 2, 1, '20eabe5d64b0e216796e834f52d61fd0b70332fc', 4),
(733, 877, 'محمد سعد عبد الوهاب', 1, 6, 'مدير إدارة بإدارة ازالة العطريات و الحزام الساخن ( ندب )', 2, 'ازالة العطريات و الحزام الساخن', 5, 2, 1, '20eabe5d64b0e216796e834f52d61fd0b70332fc', 2),
(734, 878, 'محمد أحمد عبد العزيز أحمد', 1, 12, 'رئيس قسم بقسم الضواغط و استرجاع المذيب ورادى', 2, 'الضواغط و استرجاع المذيب', 5, 2, 1, '20eabe5d64b0e216796e834f52d61fd0b70332fc', 1),
(735, 879, 'محمد أحمد أحمد الجمل', 1, 12, 'رئيس قسم بقسم التغذية و التبريد و الترشيح و طلمبات الخلخلة ورادى', 2, 'التغذية و التبريد و الترشيح و طلمبات الخلخلة', 5, 2, 1, '20eabe5d64b0e216796e834f52d61fd0b70332fc', 1),
(736, 880, 'رجب عبد الرحمن أحمد مبارك', 1, 12, 'رئيس قسم بقسم صيانة طلمبات و تربينات التراحيل الخارجية و الاطفاء', 2, 'صيانة الطلمبات و التربينات', 13, 1, 1, '20eabe5d64b0e216796e834f52d61fd0b70332fc', 1),
(737, 881, 'رمضان حافظ رمضان حافظ', 1, 12, 'رئيس قسم بقسم صيانة الغلايات و الوحدات المساعدة', 2, 'صيانة الاجهزة', 13, 1, 1, '20eabe5d64b0e216796e834f52d61fd0b70332fc', 1),
(738, 882, 'حسن عطية سيد أحمد', 1, 6, 'مدير إدارة بإدارة صيانة المعدات الدواره بالسولار و المرافق و الاطفاء و الترحيلات', 2, 'صيانة المعدات الدواره و التبريد و التكييف', 13, 1, 1, '20eabe5d64b0e216796e834f52d61fd0b70332fc', 2),
(739, 883, 'محمد صلاح الدين محمد احمد', 1, 12, 'رئيس قسم بقسم صيانة الغلايات و الوحدات المساعدة', 2, 'صيانة الاجهزة', 13, 1, 1, '20eabe5d64b0e216796e834f52d61fd0b70332fc', 1),
(740, 884, 'محمد فايز فرج خير', 1, 12, 'رئيس قسم بقسم صيانة الخطوط و شبكات التبريد و الاطفاء', 2, 'صيانة الاجهزة', 13, 1, 1, '20eabe5d64b0e216796e834f52d61fd0b70332fc', 1),
(741, 885, 'محمد فؤاد عبد الحميد حسين', 1, 7, 'رئيس قسم صيانة الخطوط و الشبكات و الفلاتر الدوارة', 2, 'صيانة الاجهزة', 13, 1, 1, '20eabe5d64b0e216796e834f52d61fd0b70332fc', 1),
(742, 886, 'ايهاب سامى رمضان طبيخة', 1, 12, 'رئيس قسم بقسم صيانة المستودعات', 2, 'صيانة الاجهزة', 13, 1, 1, '20eabe5d64b0e216796e834f52d61fd0b70332fc', 1),
(743, 887, 'محمد نصر متولى عبد المجيد', 1, 12, 'رئيس قسم بقسم الشحن و الترحيلات الخارجية', 2, 'حركة منتجات الشركة', 3, 1, 1, '20eabe5d64b0e216796e834f52d61fd0b70332fc', 1),
(744, 888, 'أحمد مصطفى على عمر', 1, 12, 'رئيس قسم بقسم تشغيل طلمبات الاطفاء ورادى', 2, 'مكافحة الحريق و تقليل الخسائر', 16, 2, 1, '20eabe5d64b0e216796e834f52d61fd0b70332fc', 1),
(745, 889, 'تامر عبد القوى معوض عبد القوى', 1, 7, 'رئيس قسم تشغيل المحطات الكهربائية ورادى', 2, 'المحطات الكهربائية', 19, 2, 1, '20eabe5d64b0e216796e834f52d61fd0b70332fc', 1),
(746, 890, 'حسام الدين محمد سالم محمد', 1, 12, 'رئيس قسم بقسم تشغيل المحطات الكهربائية ورادى', 2, 'المحطات الكهربائية', 19, 2, 1, '20eabe5d64b0e216796e834f52d61fd0b70332fc', 1),
(747, 892, 'إيهاب نجيب هوارى شاور', 1, 4, 'مدير إدارة المشتريات المحلية', 2, 'المشتريات المحلية', 22, 1, 1, '20eabe5d64b0e216796e834f52d61fd0b70332fc', 1),
(748, 893, 'شريف محمود عبد الحكم خليل', 1, 4, 'مدير إدارة المشتريات الخارجية', 2, 'المشتريات الخارجية', 22, 1, 1, '827728f08abbe2e136813bbf274deaeff0b2e8d8', 1),
(749, 895, 'أحمد زكريا عبد الحميد الحفنى خليل', 1, 12, 'رئيس قسم بقسم حركة الميكروباص و الملاكى', 2, 'النقل', 4, 1, 1, '20eabe5d64b0e216796e834f52d61fd0b70332fc', 1),
(750, 896, 'يحيى قاسم عبد الرازق قاسم', 1, 12, 'رئيس قسم بقسم صيانة المستودعات', 2, 'صيانة الاجهزة', 13, 1, 1, '20eabe5d64b0e216796e834f52d61fd0b70332fc', 1),
(751, 897, 'صلاح أحمد رجب محمد', 1, 5, 'مدير عام مساعد المراجعة', 1, 'المراجعة', 1, 1, 1, '189ba9b366cc384dd4918d05c6e17d53c6694219', 2),
(752, 898, 'على السيد على نصر النجار', 1, 12, 'رئيس قسم بقسم التمريض', 2, 'الشئون الطبية', 21, 1, 1, '20eabe5d64b0e216796e834f52d61fd0b70332fc', 1),
(753, 899, 'عبد الغفار إبراهيم السيد داود', 1, 12, 'رئيس قسم بقسم حركة تغذية وحدات تعظيم انتاج السولار', 2, 'حركة مواد تغذية الشركة', 3, 1, 1, '20eabe5d64b0e216796e834f52d61fd0b70332fc', 1),
(754, 900, 'إبراهيم السيد حسن أحمد', 1, 20, 'مشرف خدمات ادارية', 3, 'الخدمات الادارية و الاجتماعية', 1, 1, 1, '20eabe5d64b0e216796e834f52d61fd0b70332fc', 4),
(755, 901, 'صلاح أحمد إبراهيم الجوهرى', 1, 12, 'رئيس قسم بقسم حركة تغذية وحدات الزيوت و الشموع', 2, 'حركة مواد تغذية الشركة', 3, 1, 1, '20eabe5d64b0e216796e834f52d61fd0b70332fc', 1),
(756, 902, 'أحمد عبد المجيد قبارى', 1, 12, 'رئيس قسم بقسم حركة تغذية وحدات تعظيم انتاج السولار', 2, 'حركة مواد تغذية الشركة', 3, 1, 1, '20eabe5d64b0e216796e834f52d61fd0b70332fc', 1),
(757, 903, 'حسن فاضل مصطفى إبراهيم', 1, 12, 'رئيس قسم بقسم حركة منتجات وحدات تعظيم انتاج السولار', 2, 'حركة منتجات الشركة', 3, 1, 1, '20eabe5d64b0e216796e834f52d61fd0b70332fc', 1),
(758, 904, 'مندور فتح الله عباس مندور', 1, 12, 'رئيس قسم بقسم حركة منتجات وحدات الزيوت و الشموع', 2, 'حركة منتجات الشركة', 3, 1, 1, '20eabe5d64b0e216796e834f52d61fd0b70332fc', 1),
(759, 905, 'اكرامى عبد المطلب عبد المجيد عمرو', 1, 12, 'رئيس قسم بقسم الشحن و الترحيلات الخارجية', 2, 'حركة منتجات الشركة', 3, 1, 1, '20eabe5d64b0e216796e834f52d61fd0b70332fc', 1),
(760, 906, 'هانى مصطفى مرسى محمد', 1, 6, 'مدير إدارة بإدارة حركة منتجات وحدات الزيوت و الشموع', 2, 'حركة منتجات الشركة', 3, 1, 1, '20eabe5d64b0e216796e834f52d61fd0b70332fc', 2),
(761, 907, 'عصام عباس عرابى عباس', 1, 12, 'رئيس قسم بقسم حركة تغذية وحدات الزيوت و الشموع', 2, 'حركة مواد تغذية الشركة', 3, 1, 1, '20eabe5d64b0e216796e834f52d61fd0b70332fc', 1),
(762, 908, 'هند حاتم جمعة رمضان', 1, 6, 'مدير إدارة بإدارة حسابات تعظيم انتاجية السولار', 2, 'حسابات تعظيم انتاجية السولار و المنتجات الاخرى', 7, 1, 1, '20eabe5d64b0e216796e834f52d61fd0b70332fc', 2),
(763, 909, 'خميس محمد أحمد جعفر', 1, 21, 'ادارى ماهر', 2, 'العلاقات العامة', 1, 1, 1, '20eabe5d64b0e216796e834f52d61fd0b70332fc', 4),
(764, 910, 'امنية على محمد على مرسي', 1, 6, 'مدير إدارة بإدارة متابعة التشريعات العمالية و تنفيذ القراراتد', 2, 'متابعة التشريعات العمالية', 20, 1, 1, '20eabe5d64b0e216796e834f52d61fd0b70332fc', 2),
(765, 911, 'ياسر محمود إبراهيم محمد درغام', 1, 12, 'رئيس قسم بقسم الاستلام المحلى', 2, 'المخازن', 22, 1, 1, '20eabe5d64b0e216796e834f52d61fd0b70332fc', 1),
(766, 912, 'أحمد فؤاد محمد الجوهرى', 1, 12, 'رئيس قسم بقسم صيانة المعدات الدوارة بوحدات الMDDU و الترحيلات', 2, 'صيانة المعدات الدواره و التبريد و التكييف', 13, 1, 1, '20eabe5d64b0e216796e834f52d61fd0b70332fc', 1),
(767, 913, 'ياسر عبد الحميد على محمد', 1, 12, 'رئيس قسم بقسم مكافحة الحريق منطقة ( 1 ) ورادى', 2, 'مكافحة الحريق و تقليل الخسائر', 16, 2, 1, '20eabe5d64b0e216796e834f52d61fd0b70332fc', 1),
(768, 914, 'محمد السيد أبو ضيف', 1, 13, 'سباك', 3, 'الصيانة و الخدمات المدنية', 14, 1, 1, '20eabe5d64b0e216796e834f52d61fd0b70332fc', 4),
(769, 915, 'ياسر بيومى محمود عصر', 1, 12, 'رئيس قسم بقسم الشراء المحلى', 2, 'المشتريات المحلية', 22, 1, 1, '20eabe5d64b0e216796e834f52d61fd0b70332fc', 1),
(770, 916, 'عصام أحمد إبراهيم عبد العال', 1, 7, 'رئيس قسم مستلزمات المعامل', 2, 'الخدمات المعملية و مستلزمات المعامل', 15, 1, 1, '20eabe5d64b0e216796e834f52d61fd0b70332fc', 1),
(771, 917, 'محمود أحمد جابر أحمد البراوى', 1, 12, 'رئيس قسم بقسم تحاليل منتجات السولار', 2, 'تحاليل المنتجات و الناقلات', 15, 1, 1, '20eabe5d64b0e216796e834f52d61fd0b70332fc', 1),
(772, 918, 'محمد صديق مراجع حامد', 1, 7, 'رئيس قسم المراقبة المركزية ورادى', 2, 'المراقبة المركزية ورادى', 15, 2, 1, '20eabe5d64b0e216796e834f52d61fd0b70332fc', 1),
(773, 919, 'أحمد يحيي جلال عريشة', 1, 4, 'مدير إدارة التقطير التفريغى', 2, 'التقطير التفريغى', 9, 1, 1, '20eabe5d64b0e216796e834f52d61fd0b70332fc', 1),
(774, 920, 'اسماعيل حسين إبراهيم محمد أبو خشبة', 1, 4, 'مدير إدارة انتاج السولار', 2, 'انتاج السولار', 9, 1, 1, '20eabe5d64b0e216796e834f52d61fd0b70332fc', 1),
(775, 921, 'كامل على محمد حميد الخطيب', 1, 7, 'رئيس قسم مكافحة الحريق منطقة ( 2 ) ورادى', 2, 'مكافحة الحريق و تقليل الخسائر', 16, 2, 1, '20eabe5d64b0e216796e834f52d61fd0b70332fc', 1),
(776, 922, 'محمد صلاح فهمى الحناوى', 1, 7, 'رئيس قسم تشغيل المحطات الكهربائية ورادى', 2, 'المحطات الكهربائية', 19, 2, 1, '20eabe5d64b0e216796e834f52d61fd0b70332fc', 1),
(777, 923, 'مصطفى هيمن عبد المجيد اسماعيل محمد', 1, 12, 'رئيس قسم بقسم المكتبة', 2, 'العلاقات العامة', 1, 1, 1, '20eabe5d64b0e216796e834f52d61fd0b70332fc', 1),
(778, 924, 'أحمد متولى هاشم عبد الرحمن', 1, 5, 'مدير عام مساعد المشتريات الخارجية', 1, 'المشتريات الخارجية', 22, 1, 1, '20eabe5d64b0e216796e834f52d61fd0b70332fc', 2),
(779, 925, 'سوزان صلاح الدين محمد', 1, 7, 'رئيس قسم سكرتارية شئون مجلس الادارة', 2, 'سكرتارية شئون مجلس الإدارة', 11, 1, 1, '20eabe5d64b0e216796e834f52d61fd0b70332fc', 1),
(780, 927, 'أحمد محمد عباس ناجى', 1, 4, 'مدير إدارة المراقبة المركزية للهندسة الكهربائية ورادى', 2, 'المراقبة المركزية للهندسة الكهربائية ورادى', 19, 2, 1, '20eabe5d64b0e216796e834f52d61fd0b70332fc', 1),
(781, 928, 'أحمد على أحمد محمد قاسم', 1, 6, 'مدير إدارة بإدارة تشغيل المحطات الكهربائية', 2, 'المحطات الكهربائية', 19, 1, 1, '20eabe5d64b0e216796e834f52d61fd0b70332fc', 2),
(782, 929, 'محمود محمد محمود عبد المجيد', 1, 11, 'ملاحظ ورادى', 3, 'الامن الميدانى', 8, 2, 1, '20eabe5d64b0e216796e834f52d61fd0b70332fc', 4),
(783, 930, 'محمد عبد المنعم عبد الرازق إبراهيم', 1, 11, 'ملاحظ ورادى', 3, 'الامن الميدانى', 8, 2, 1, '20eabe5d64b0e216796e834f52d61fd0b70332fc', 4),
(784, 931, 'اشرف محمد سلامة محمد', 1, 11, 'ملاحظ ورادى', 3, 'الامن الميدانى', 8, 2, 1, '20eabe5d64b0e216796e834f52d61fd0b70332fc', 4),
(785, 932, 'إبراهيم محمود حسين عابد', 1, 11, 'ملاحظ ورادى', 3, 'الامن الميدانى', 8, 2, 1, '20eabe5d64b0e216796e834f52d61fd0b70332fc', 4),
(786, 933, 'خالد محمد منصور السيد', 1, 11, 'ملاحظ ورادى', 3, 'الامن الميدانى', 8, 2, 1, '20eabe5d64b0e216796e834f52d61fd0b70332fc', 4),
(787, 934, 'فريد عونى فريد عبد المقصود', 1, 9, 'مشرف امن متقدم ورادى', 3, 'الامن الميدانى', 8, 2, 1, '20eabe5d64b0e216796e834f52d61fd0b70332fc', 4),
(788, 935, 'كامل يوسف داود سليمان', 1, 9, 'مشرف امن متقدم ورادى', 3, 'الامن الميدانى', 8, 2, 1, '20eabe5d64b0e216796e834f52d61fd0b70332fc', 4),
(789, 936, 'عادل سعد محمد على التركى', 1, 9, 'مشرف امن متقدم ورادى', 3, 'الامن الميدانى', 8, 2, 1, '20eabe5d64b0e216796e834f52d61fd0b70332fc', 4),
(790, 937, 'نبيل فتحى عبد الغنى محمد', 1, 12, 'رئيس قسم بقسم حركة الاتوبيسات والبيك اب', 2, 'النقل', 4, 1, 1, '20eabe5d64b0e216796e834f52d61fd0b70332fc', 1),
(791, 938, 'اشرف فاروق محمد شحاتة', 1, 12, 'رئيس قسم بقسم حركة الاتوبيسات والبيك اب', 2, 'النقل', 4, 1, 1, '20eabe5d64b0e216796e834f52d61fd0b70332fc', 1),
(792, 939, 'اشرف السيد الشحات السيد بدر', 1, 12, 'رئيس قسم بقسم حركة الاتوبيسات والبيك اب', 2, 'النقل', 4, 1, 1, '20eabe5d64b0e216796e834f52d61fd0b70332fc', 1),
(793, 940, 'عاطف محمد أحمد اسماعيل', 1, 12, 'رئيس قسم بقسم حركة الاتوبيسات والبيك اب', 2, 'النقل', 4, 1, 1, '20eabe5d64b0e216796e834f52d61fd0b70332fc', 1),
(794, 941, 'أسامة على السيد السيد حبيب', 1, 12, 'رئيس قسم بقسم حركة الاتوبيسات والبيك اب', 2, 'النقل', 4, 1, 1, '20eabe5d64b0e216796e834f52d61fd0b70332fc', 1),
(795, 942, 'محمد محمود أبو العنين معوض', 1, 12, 'رئيس قسم بقسم حركة الاتوبيسات والبيك اب', 2, 'النقل', 4, 1, 1, '20eabe5d64b0e216796e834f52d61fd0b70332fc', 1),
(796, 943, 'ممدوح زكريا عبد الحميد الحفنى خليل', 1, 12, 'رئيس قسم بقسم حركة الاتوبيسات والبيك اب', 2, 'النقل', 4, 1, 1, '20eabe5d64b0e216796e834f52d61fd0b70332fc', 1),
(797, 944, 'خالد يوسف عبد العزيز عزت', 1, 12, 'رئيس قسم بقسم حركة الاتوبيسات والبيك اب', 2, 'النقل', 4, 1, 1, '20eabe5d64b0e216796e834f52d61fd0b70332fc', 1),
(798, 946, 'سمية عبده محمد عبد الخالق', 1, 21, 'ادارى سكرتارية ماهر', 2, 'المرافق و التسهيلات', 18, 1, 1, '20eabe5d64b0e216796e834f52d61fd0b70332fc', 4),
(799, 947, 'ناجى عبد الدايم حسن محمد', 1, 5, 'مدير عام مساعد متابعة الكيماويات ( ندب )', 1, 'متابعة الكيماويات', 23, 1, 1, '20eabe5d64b0e216796e834f52d61fd0b70332fc', 2),
(800, 948, 'ايمن عباس أحمد محمد', 1, 5, 'مدير عام مساعد التصميم التكنولوجى ( ندب )', 1, 'التصميم التكنولوجى', 2, 1, 1, '20eabe5d64b0e216796e834f52d61fd0b70332fc', 2),
(801, 949, 'محمد سعيد حميدة البنا', 1, 4, 'مدير إدارة الاستلام', 2, 'المخازن', 22, 1, 1, '20eabe5d64b0e216796e834f52d61fd0b70332fc', 1),
(802, 950, 'شريف سيد أحمد عبد الرحمن سيد أحمد', 1, 12, 'رئيس قسم بقسم حركة الميكروباص و الملاكى', 2, 'النقل', 4, 1, 1, '20eabe5d64b0e216796e834f52d61fd0b70332fc', 1),
(803, 951, 'على حسن مرسى عبد العزيز', 1, 12, 'رئيس قسم بقسم حركة الميكروباص و الملاكى', 2, 'النقل', 4, 1, 1, '20eabe5d64b0e216796e834f52d61fd0b70332fc', 1),
(804, 952, 'محمد دسوقى أحمد دسوقى', 1, 7, 'رئيس قسم المراقبة المركزية ورادى', 2, 'المراقبة المركزية ورادى', 15, 2, 1, '20eabe5d64b0e216796e834f52d61fd0b70332fc', 1),
(805, 953, 'محمد قبيصى إبراهيم عبد العال', 1, 12, 'رئيس قسم بقسم الشحن و الترحيلات الخارجية', 2, 'حركة منتجات الشركة', 3, 1, 1, '20eabe5d64b0e216796e834f52d61fd0b70332fc', 1),
(806, 954, 'محمد ادريس عبد الغفور محمد', 1, 12, 'رئيس قسم بقسم حركة الميكروباص و الملاكى', 2, 'النقل', 4, 1, 1, '20eabe5d64b0e216796e834f52d61fd0b70332fc', 1),
(807, 955, 'حسام عبد الرازق عبد المجيد محمد', 1, 12, 'رئيس قسم بقسم حركة الميكروباص و الملاكى', 2, 'النقل', 4, 1, 1, '20eabe5d64b0e216796e834f52d61fd0b70332fc', 1),
(808, 957, 'محمود عيد المرسي حسب النبى', 1, 5, 'مدير عام مساعد صيانة الطلمبات و التربينات ( ندب )', 1, 'صيانة الطلمبات و التربينات', 13, 1, 1, '20eabe5d64b0e216796e834f52d61fd0b70332fc', 2),
(809, 958, 'محمد إبراهيم حسان إبراهيم', 1, 6, 'مدير إدارة بإدارة صيانة اجهزة التحكم لوحدات الزيوت و الوحدات المساعدة و المرافق', 2, 'صيانة اجهزة التحكم الالى', 25, 1, 1, '20eabe5d64b0e216796e834f52d61fd0b70332fc', 2),
(810, 959, 'أسامة إبراهيم عبد المقصود إبراهيم', 1, 4, 'مدير إدارة البنوك و الخزينة و خطابات الضمان', 2, 'البنوك والنقد الاجنبى والجمارك', 7, 1, 1, '20eabe5d64b0e216796e834f52d61fd0b70332fc', 1),
(811, 961, 'محمود حسين محمد حسين', 1, 18, 'فنى صيانة ماهر', 2, 'صيانة الاجهزة', 13, 1, 1, '20eabe5d64b0e216796e834f52d61fd0b70332fc', 4),
(812, 962, 'حسن محمود عكاشة محمود', 1, 7, 'رئيس قسم صيانة الأفران و الأبراج', 2, 'صيانة الاجهزة', 13, 1, 1, '20eabe5d64b0e216796e834f52d61fd0b70332fc', 1),
(813, 963, 'خالد أحمد حسن درويش', 1, 12, 'رئيس قسم بقسم صيانة الغلايات و الوحدات المساعدة', 2, 'صيانة الاجهزة', 13, 1, 1, '20eabe5d64b0e216796e834f52d61fd0b70332fc', 1),
(814, 964, 'محمد يسن يسن بلتاجى', 1, 7, 'رئيس قسم صيانة المستودعات', 2, 'صيانة الاجهزة', 13, 1, 1, '20eabe5d64b0e216796e834f52d61fd0b70332fc', 1),
(815, 965, 'محمد أحمد زكى عز الدين', 1, 18, 'فنى صيانة ماهر', 2, 'صيانة الاجهزة', 13, 1, 1, '20eabe5d64b0e216796e834f52d61fd0b70332fc', 4),
(816, 966, 'محمد جابر حنفى محمود', 1, 18, 'فنى صيانة ماهر', 2, 'صيانة الاجهزة', 13, 1, 1, '20eabe5d64b0e216796e834f52d61fd0b70332fc', 4),
(817, 967, 'محمود سعيد فضل عبد المولى', 1, 12, 'رئيس قسم بقسم تشغيل طلمبات الاطفاء ورادى', 2, 'مكافحة الحريق و تقليل الخسائر', 16, 2, 1, '20eabe5d64b0e216796e834f52d61fd0b70332fc', 1),
(818, 968, 'إبراهيم حسن محمد أحمد', 1, 12, 'رئيس قسم بقسم تشغيل طلمبات الاطفاء ورادى', 2, 'مكافحة الحريق و تقليل الخسائر', 16, 2, 1, '20eabe5d64b0e216796e834f52d61fd0b70332fc', 1),
(819, 969, 'أحمد سامى عطية محمد', 1, 22, 'مراقب امن صناعى ماهر ورادى', 2, 'مكافحة الحريق و تقليل الخسائر', 16, 2, 1, '20eabe5d64b0e216796e834f52d61fd0b70332fc', 4),
(820, 970, 'محمد صبحى حسين على', 1, 22, 'مراقب امن صناعى ماهر ورادى', 2, 'مكافحة الحريق و تقليل الخسائر', 16, 2, 1, '20eabe5d64b0e216796e834f52d61fd0b70332fc', 4),
(821, 971, 'فيصل محمود محمد عمر', 1, 22, 'مراقب امن صناعى ماهر ورادى', 2, 'مكافحة الحريق و تقليل الخسائر', 16, 2, 1, '20eabe5d64b0e216796e834f52d61fd0b70332fc', 4),
(822, 972, 'محمد أحمد محمد حسن حرب', 1, 12, 'رئيس قسم بقسم صيانة شبكات الاطفاء و البلوف المغمور', 2, 'مكافحة الحريق و تقليل الخسائر', 16, 1, 1, '20eabe5d64b0e216796e834f52d61fd0b70332fc', 1),
(823, 973, 'حسن على حسن مصطفى الفحام', 1, 22, 'مراقب امن صناعى ماهر ورادى', 2, 'مكافحة الحريق و تقليل الخسائر', 16, 2, 1, '20eabe5d64b0e216796e834f52d61fd0b70332fc', 4),
(824, 974, 'خالد محمد محمود الأسرج', 1, 6, 'مدير إدارة بإدارة مكافحة الحريق ( ندب )', 2, 'مكافحة الحريق و تقليل الخسائر', 16, 2, 1, '20eabe5d64b0e216796e834f52d61fd0b70332fc', 2),
(825, 975, 'محمود عيسوى محمود عيسوى', 1, 7, 'رئيس قسم صيانة سيارات الديزل و الاوناش', 2, 'النقل', 4, 1, 1, '20eabe5d64b0e216796e834f52d61fd0b70332fc', 1),
(826, 976, 'محمد إبراهيم عبد الرازق العراقى', 1, 4, 'مدير إدارة الخدمات الادارية و الاجتماعية', 2, 'الخدمات الادارية و الاجتماعية', 1, 1, 1, '20eabe5d64b0e216796e834f52d61fd0b70332fc', 1),
(827, 977, 'محمود صفوت عبده منصور', 1, 6, 'مدير إدارة بإدارة التفتيش الوقائى', 2, 'التفتيش الوقائى و السلامة و الصحة المهنية', 16, 1, 1, '20eabe5d64b0e216796e834f52d61fd0b70332fc', 2),
(828, 978, 'إبراهيم حسن حفني السيد البهنساوى', 1, 4, 'مدير إدارة مراجعة اللوائح و النظم و السياسات', 2, 'المراجعة', 1, 1, 1, '20eabe5d64b0e216796e834f52d61fd0b70332fc', 1),
(829, 979, 'جابر محمد الضوى عبده حماد', 1, 7, 'رئيس قسم الكيماويات', 2, 'المخازن', 22, 1, 1, '20eabe5d64b0e216796e834f52d61fd0b70332fc', 1),
(830, 980, 'عماد الدين زكى الجابرى', 1, 23, 'فنى قيادة ونش شوكة ماهر ورادى', 2, 'حركة منتجات الشركة', 3, 1, 1, '20eabe5d64b0e216796e834f52d61fd0b70332fc', 4),
(831, 982, 'هشام رفعت عبد العظيم ابراهيم درويش', 1, 3, 'مدير عام الشئون الإدارية', 1, 'الإدارية', 20, 1, 1, 'f7c3bc1d808e04732adf679965ccc34ca7ae3441', 2),
(832, 983, 'محمد عبد المنعم محمود رزق', 1, 22, 'مراقب امن صناعى ماهر ورادى', 2, 'مكافحة الحريق و تقليل الخسائر', 16, 2, 1, '20eabe5d64b0e216796e834f52d61fd0b70332fc', 4),
(833, 984, 'محمد محمود محمد مجاهد عبد الوهاب', 1, 24, 'فنى قيادة سيارات اسعاف ماهر ورادى', 2, 'مكافحة الحريق و تقليل الخسائر', 16, 2, 1, '20eabe5d64b0e216796e834f52d61fd0b70332fc', 4),
(834, 985, 'صالح محمد خليفة عبد العال', 1, 12, 'رئيس قسم بقسم مكافحة الحريق منطقة ( 2 ) ورادى', 2, 'مكافحة الحريق و تقليل الخسائر', 16, 2, 1, '20eabe5d64b0e216796e834f52d61fd0b70332fc', 1),
(835, 986, 'حسن عطية محمد عثمان', 1, 12, 'رئيس قسم بقسم مكافحة الحريق منطقة ( 2 ) ورادى', 2, 'مكافحة الحريق و تقليل الخسائر', 16, 2, 1, '20eabe5d64b0e216796e834f52d61fd0b70332fc', 1),
(836, 987, 'عاطف قبارى عبد الرحمن عبد اللاه', 1, 12, 'رئيس قسم بقسم مكافحة الحريق منطقة ( 2 ) ورادى', 2, 'مكافحة الحريق و تقليل الخسائر', 16, 2, 1, '20eabe5d64b0e216796e834f52d61fd0b70332fc', 1),
(837, 988, 'محمد جمال الدين محمد طايل', 1, 4, 'مدير إدارة تقليل الخسائر', 2, 'مكافحة الحريق و تقليل الخسائر', 16, 1, 1, '20eabe5d64b0e216796e834f52d61fd0b70332fc', 1),
(838, 989, 'سحر بشير مختار معتوق', 1, 6, 'مدير إدارة بإدارة النشاط الرياضى و المكتبة', 2, 'العلاقات العامة', 1, 1, 1, '20eabe5d64b0e216796e834f52d61fd0b70332fc', 2),
(839, 990, 'محب لبيب عاشور حمدان بدوى', 1, 5, 'مدير عام مساعد الامن الوقائى و الدعم الفنى ( ندب )', 1, 'الامن الوقائى و الدعم الفنى', 8, 1, 1, '20eabe5d64b0e216796e834f52d61fd0b70332fc', 2),
(840, 991, 'كامل بدر كامل محمد بدر', 1, 25, 'فنى اجهزة الكترونية ماهر ورادى', 2, 'صيانة اجهزة التحكم الالى', 25, 1, 1, '20eabe5d64b0e216796e834f52d61fd0b70332fc', 4),
(841, 992, 'خميس صديق مراجع حامد', 1, 7, 'رئيس قسم التقطير التفريغى ورادى', 2, 'التقطير التفريغى', 9, 1, 1, '20eabe5d64b0e216796e834f52d61fd0b70332fc', 1),
(842, 993, 'محمد محمود عبد اللطيف محسن', 1, 19, 'مراقب تكرير ماهر ورادى', 2, 'التقطير التفريغى', 9, 1, 1, '20eabe5d64b0e216796e834f52d61fd0b70332fc', 4),
(843, 994, 'حسين أحمد قدرى حسن محمد', 1, 7, 'رئيس قسم التقطير التفريغى ورادى', 2, 'التقطير التفريغى', 9, 1, 1, '20eabe5d64b0e216796e834f52d61fd0b70332fc', 1),
(844, 995, 'محمد حامد عبد العزيز البهنساوى', 1, 12, 'رئيس قسم بقسم الخدمات الملاحية و الجمركية', 2, 'خدمات العملاء', 10, 1, 1, '20eabe5d64b0e216796e834f52d61fd0b70332fc', 1),
(845, 996, 'خالد عبد العزيز عبد الفتاح عودة', 1, 6, 'مدير إدارة بإدارة القضايا و العقود', 2, 'القضايا و العقود و متابعة تنفيذ الاحكام', 28, 1, 1, '20eabe5d64b0e216796e834f52d61fd0b70332fc', 2),
(846, 997, 'أحمد سعد الدين طايع عثمان', 1, 7, 'رئيس قسم صيانة اجهزة التحكم لوحدات السولار ( ورادى )', 2, 'صيانة اجهزة التحكم الالى', 25, 1, 1, '20eabe5d64b0e216796e834f52d61fd0b70332fc', 1),
(847, 998, 'ايهاب صلاح الدين حلمى حسين', 1, 25, 'فنى اجهزة الكترونية ماهر ورادى', 2, 'صيانة اجهزة التحكم الالى', 25, 1, 1, '20eabe5d64b0e216796e834f52d61fd0b70332fc', 4),
(848, 999, 'محمد عادل اسماعيل نعمة الله', 1, 4, 'مدير إدارة مراقبة المخازن و تحديد الاحتياجات', 2, 'مراقبة المخازن و تحديد الاحتياجات', 22, 1, 1, '20eabe5d64b0e216796e834f52d61fd0b70332fc', 1),
(849, 1000, 'دينا سمير محمد عيد', 1, 26, 'أخصائى', 2, 'الاعلام و التسويق الالكترونى', 12, 1, 1, '20eabe5d64b0e216796e834f52d61fd0b70332fc', 4),
(850, 1001, 'أحمد حسن محمد عبد الوهاب', 1, 27, 'فنى كهرباء ماهر ورادى', 2, 'المحطات الكهربائية', 19, 2, 1, '20eabe5d64b0e216796e834f52d61fd0b70332fc', 4),
(851, 1002, 'أحمد محمد على حسن', 1, 27, 'فنى كهرباء ماهر ورادى', 2, 'المحطات الكهربائية', 19, 2, 1, '20eabe5d64b0e216796e834f52d61fd0b70332fc', 4),
(852, 1003, 'محمد حسن على فتح الله', 1, 27, 'فنى كهرباء ماهر ورادى', 2, 'المحطات الكهربائية', 19, 2, 1, '20eabe5d64b0e216796e834f52d61fd0b70332fc', 4),
(853, 1004, 'أحمد عبد العظيم حسين عبد الحليم', 1, 12, 'رئيس قسم بقسم التحاليل الخارجية و الناقلات', 2, 'تحاليل المنتجات و الناقلات', 15, 1, 1, '20eabe5d64b0e216796e834f52d61fd0b70332fc', 1),
(854, 1005, 'فرج مرسي فرج مرسي', 1, 28, 'محلل كيميائى ماهر', 2, 'تحاليل المياه و الغازات و البيئة', 15, 1, 1, '20eabe5d64b0e216796e834f52d61fd0b70332fc', 4),
(855, 1006, 'حسام الدين مصطفى اسماعيل على الروبى', 1, 12, 'رئيس قسم بقسم تحاليل منتجات الزيوت', 2, 'تحاليل المنتجات و الناقلات', 15, 1, 1, '20eabe5d64b0e216796e834f52d61fd0b70332fc', 1),
(856, 1007, 'على أحمد محمد عباس', 1, 28, 'محلل كيميائى ماهر ورادى', 2, 'المراقبة المركزية ورادى', 15, 2, 1, '20eabe5d64b0e216796e834f52d61fd0b70332fc', 4),
(857, 1008, 'خليل مصطفى خليل محمود', 1, 29, 'مراقب ترحيلات ماهر ورادى', 2, 'حركة مواد تغذية الشركة', 3, 1, 1, '20eabe5d64b0e216796e834f52d61fd0b70332fc', 4),
(858, 1009, 'ايهاب الشحات محمد مبروك', 1, 29, 'مراقب ترحيلات ماهر ورادى', 2, 'حركة منتجات الشركة', 3, 1, 1, '20eabe5d64b0e216796e834f52d61fd0b70332fc', 4),
(859, 1010, 'أحمد مناف شرف الدين على غربى', 1, 29, 'مراقب ترحيلات ماهر ورادى', 2, 'حركة منتجات الشركة', 3, 1, 1, '20eabe5d64b0e216796e834f52d61fd0b70332fc', 4);
INSERT INTO `t_data` (`ID`, `emp_code`, `emp_name`, `contract_type`, `id_job`, `desc_job`, `level_id`, `management`, `g_management_id`, `day_night`, `active`, `Password`, `id_userGroup`) VALUES
(860, 1011, 'مصطفى زكريا شكرى عامر أبو عشره', 1, 12, 'رئيس قسم بقسم حركة منتجات وحدات الزيوت و الشموع', 2, 'حركة منتجات الشركة', 3, 1, 1, '20eabe5d64b0e216796e834f52d61fd0b70332fc', 1),
(861, 1012, 'رجب عبد العال محمد عبد العال', 1, 12, 'رئيس قسم بقسم حركة تغذية وحدات الزيوت و الشموع', 2, 'حركة مواد تغذية الشركة', 3, 1, 1, '20eabe5d64b0e216796e834f52d61fd0b70332fc', 1),
(862, 1013, 'السيد رزق عبد الجواد العمراوى', 1, 29, 'مراقب ترحيلات ماهر ورادى', 2, 'حركة مواد تغذية الشركة', 3, 1, 1, '20eabe5d64b0e216796e834f52d61fd0b70332fc', 4),
(863, 1014, 'أحمد فتحى نعيم على الشناوى', 1, 6, 'مدير إدارة بإدارة الشبكات', 2, 'نظم و تكنولوجيا المعلومات', 1, 1, 1, '01b307acba4f54f55aafc33bb06bbbf6ca803e9a', 2),
(864, 1015, 'عاطف عبد المعبود الطنطاوى النبوى', 1, 4, 'مدير إدارة المراقبة المركزية للهندسة الكهربائية ورادى', 2, 'المراقبة المركزية للهندسة الكهربائية ورادى', 19, 2, 1, '20eabe5d64b0e216796e834f52d61fd0b70332fc', 1),
(865, 1017, 'إبراهيم محمد إبراهيم يوسف', 1, 16, 'جلاب عينات متقدم ورادى', 3, 'جلب العينات', 15, 1, 1, '20eabe5d64b0e216796e834f52d61fd0b70332fc', 4),
(866, 1018, 'أحمد كمال حسن سعيد', 1, 4, 'مدير إدارة المراقبة المركزية للهندسة الكهربائية ورادى', 2, 'المراقبة المركزية للهندسة الكهربائية ورادى', 19, 2, 1, '20eabe5d64b0e216796e834f52d61fd0b70332fc', 1),
(867, 1020, 'أحمد محمد محمد اسماعيل', 1, 21, 'ادارى مشتريات ماهر', 2, 'المشتريات المحلية', 22, 1, 1, '20eabe5d64b0e216796e834f52d61fd0b70332fc', 4),
(868, 1021, 'رشا محمد عمر عبد العزيز', 1, 4, 'مدير إدارة التصميم و المواصفات ( ندب )', 2, 'المكتب الهندسى', 4, 1, 1, '20eabe5d64b0e216796e834f52d61fd0b70332fc', 1),
(869, 1022, 'محمد عادل إبراهيم سيد أحمد', 1, 4, 'مدير إدارة البرامج و قواعد البيانات ( ندب )', 2, 'نظم و تكنولوجيا المعلومات', 1, 1, 1, '9dd23e625d2193ae9bfd704d49a7d67390a25558', 1),
(870, 1023, 'محمود عمر عبد المنعم محمود', 1, 4, 'مدير إدارة صيانة المعدات الدواره بالسولار و المرافق و الاطفاء و الترحيلات ( ندب )', 2, 'صيانة المعدات الدواره و التبريد و التكييف', 13, 1, 1, '20eabe5d64b0e216796e834f52d61fd0b70332fc', 1),
(871, 1024, 'محمد حافظ محمود حافظ', 1, 4, 'مدير إدارة العلاقات العامة ( ندب )', 2, 'العلاقات العامة', 1, 1, 1, '20eabe5d64b0e216796e834f52d61fd0b70332fc', 1),
(872, 1025, 'أحمد مصطفى محمد عبد الكريم', 1, 4, 'مدير إدارة تنفيذ البرامج و الندوات الخارجية', 2, 'التدريب الخارجى', 27, 1, 1, '20eabe5d64b0e216796e834f52d61fd0b70332fc', 1),
(873, 1026, 'اسلام عماد على أحمد', 1, 4, 'مدير إدارة التسويات المالية', 2, 'علاج العاملين و اسرهم', 21, 1, 1, '20eabe5d64b0e216796e834f52d61fd0b70332fc', 1),
(874, 1027, 'أحمد عادل عفيفى على', 1, 7, 'رئيس قسم وحدات المعالجة بالصودا و الامين ورادى', 2, 'انتاج السولار', 9, 2, 1, '20eabe5d64b0e216796e834f52d61fd0b70332fc', 1),
(875, 1028, 'محمد محمود محمد هاشم', 1, 24, 'فنى قيادة سيارات ماهر', 2, 'النقل', 4, 1, 1, '20eabe5d64b0e216796e834f52d61fd0b70332fc', 4),
(876, 1029, 'محمود محمد مصطفى البدرى', 1, 24, 'فنى قيادة سيارات ماهر', 2, 'النقل', 4, 1, 1, '20eabe5d64b0e216796e834f52d61fd0b70332fc', 4),
(877, 1030, 'محمد حسن محمد أحمد حسنين', 1, 29, 'مراقب ترحيلات ماهر ورادى', 2, 'حركة منتجات الشركة', 3, 1, 1, '20eabe5d64b0e216796e834f52d61fd0b70332fc', 4),
(878, 1032, 'محمد هانئ احمد محمد السيد', 1, 4, 'مدير إدارة التحليل الاقتصادى و الكمى ( ندب )', 2, 'التخطيط الاستراتيجى', 17, 1, 1, '20eabe5d64b0e216796e834f52d61fd0b70332fc', 1),
(879, 1033, 'رانية أحمد حسام الدين حسن على', 1, 30, 'أخصائى أول', 2, 'مشتريات المواد البترولية', 10, 1, 1, '20eabe5d64b0e216796e834f52d61fd0b70332fc', 4),
(880, 1034, 'على إبراهيم عبد المنعم عبد الرحمن', 1, 19, 'مراقب تكرير ماهر ورادى', 2, 'ازالة العطريات و الحزام الساخن', 5, 2, 1, '20eabe5d64b0e216796e834f52d61fd0b70332fc', 4),
(881, 1035, 'مدحت فاروق ياقوت أحمد', 1, 7, 'رئيس قسم الشراء المحلى', 2, 'المشتريات المحلية', 22, 1, 1, '20eabe5d64b0e216796e834f52d61fd0b70332fc', 1),
(882, 1036, 'محمد اسماعيل عبد الحميد محمد حسن', 1, 12, 'رئيس قسم بقسم التبريد و المياه الدافئة و الصرف ( ورادى )', 2, 'المرافق', 18, 1, 1, '20eabe5d64b0e216796e834f52d61fd0b70332fc', 1),
(883, 1037, 'ياسر عناية الله محمد جاد', 1, 31, 'مراقب مخازن ماهر', 2, 'المخازن', 22, 1, 1, '20eabe5d64b0e216796e834f52d61fd0b70332fc', 4),
(884, 1038, 'أسامة صبحى على شعت', 1, 19, 'مراقب تكرير ماهر ورادى', 2, 'انتاج الغازات و تفريغ الكيماويات و مستلزمات الانتاج', 6, 2, 1, '20eabe5d64b0e216796e834f52d61fd0b70332fc', 4),
(885, 1039, 'عمرو محمد سليم محمد', 1, 7, 'رئيس قسم التقطير التفريغى ورادى', 2, 'التقطير التفريغى', 9, 1, 1, '20eabe5d64b0e216796e834f52d61fd0b70332fc', 1),
(886, 1040, 'وليد محمد عبد الحميد محمد إبراهيم', 1, 12, 'رئيس قسم بقسم انتاج السولار ورادى', 2, 'انتاج السولار', 9, 2, 1, '20eabe5d64b0e216796e834f52d61fd0b70332fc', 1),
(887, 1041, 'عبد الله على مهران عثمان', 1, 19, 'مراقب تكرير ماهر ورادى', 2, 'انتاج السولار', 9, 2, 1, '20eabe5d64b0e216796e834f52d61fd0b70332fc', 4),
(888, 1042, 'محمد شحاته محمد الجوهرى', 1, 19, 'مراقب تكرير ماهر ورادى', 2, 'انتاج السولار', 9, 2, 1, '20eabe5d64b0e216796e834f52d61fd0b70332fc', 4),
(889, 1043, 'محمود حسن عثمان الفقى', 1, 19, 'مراقب تكرير ماهر ورادى', 2, 'انتاج الغازات و تفريغ الكيماويات و مستلزمات الانتاج', 6, 2, 1, '20eabe5d64b0e216796e834f52d61fd0b70332fc', 4),
(890, 1044, 'أحمد محمود عباس محمود', 1, 19, 'مراقب تكرير ماهر ورادى', 2, 'التقطير التفريغى', 9, 1, 1, '20eabe5d64b0e216796e834f52d61fd0b70332fc', 4),
(891, 1045, 'وليد محمد سعد خليل', 1, 7, 'رئيس قسم انتاج السولار ورادى', 2, 'انتاج السولار', 9, 2, 1, '20eabe5d64b0e216796e834f52d61fd0b70332fc', 1),
(892, 1046, 'محمود أحمد محمد عقل على', 1, 32, 'مشرف امن ورادى', 3, 'الامن الميدانى', 8, 2, 1, '20eabe5d64b0e216796e834f52d61fd0b70332fc', 4),
(893, 1047, 'اسلام محمد قاسم حسنين', 1, 32, 'مشرف امن ورادى', 3, 'الامن الميدانى', 8, 2, 1, '20eabe5d64b0e216796e834f52d61fd0b70332fc', 4),
(894, 1048, 'عبد الحميد السيد عبد الحميد عبد الجواد', 1, 32, 'مشرف امن ورادى \" تكرارى \"', 3, 'الامن الميدانى', 8, 2, 1, '20eabe5d64b0e216796e834f52d61fd0b70332fc', 4),
(895, 1050, 'نصر انور عبد النبي بهنسي', 1, 9, 'مشرف امن متقدم ورادى', 3, 'الامن الميدانى', 8, 2, 1, '20eabe5d64b0e216796e834f52d61fd0b70332fc', 4),
(896, 1051, 'أحمد عبد المنصف رمضان حسن', 1, 12, 'رئيس قسم بقسم الضواغط و استرجاع المذيب ورادى', 2, 'الضواغط و استرجاع المذيب', 5, 2, 1, '20eabe5d64b0e216796e834f52d61fd0b70332fc', 1),
(897, 1052, 'سعيد عبد الفتاح عراقي محمد', 1, 12, 'رئيس قسم بقسم صب الشموع', 2, 'صب و تغليف الشموع', 6, 1, 1, '20eabe5d64b0e216796e834f52d61fd0b70332fc', 1),
(898, 1054, 'محمد عبد الحميد عمارة قاسم', 1, 12, 'رئيس قسم بقسم صب الشموع', 2, 'صب و تغليف الشموع', 6, 1, 1, '20eabe5d64b0e216796e834f52d61fd0b70332fc', 1),
(899, 1055, 'اسلام سعد عبد النعيم صالح', 1, 29, 'مراقب ترحيلات ماهر ورادى', 2, 'حركة مواد تغذية الشركة', 3, 1, 1, '20eabe5d64b0e216796e834f52d61fd0b70332fc', 4),
(900, 1056, 'سعد أحمد حسين على حسن', 1, 23, 'فنى قيادة ونش شوكة ماهر ورادى', 2, 'حركة منتجات الشركة', 3, 1, 1, '20eabe5d64b0e216796e834f52d61fd0b70332fc', 4),
(901, 1057, 'محمد أحمد حسن مصطفى', 1, 23, 'فنى قيادة ونش شوكة ماهر ورادى', 2, 'حركة منتجات الشركة', 3, 1, 1, '20eabe5d64b0e216796e834f52d61fd0b70332fc', 4),
(902, 1058, 'هانى محمد صابر جابر', 1, 33, 'فنى ماهر', 2, 'النقل', 4, 1, 1, '20eabe5d64b0e216796e834f52d61fd0b70332fc', 4),
(903, 1059, 'محمد مصطفى عبد العال السيد مصطفى', 1, 16, 'جلاب عينات متقدم ورادى', 3, 'جلب العينات', 15, 1, 1, '20eabe5d64b0e216796e834f52d61fd0b70332fc', 4),
(904, 1060, 'عبد الله طلعت صالح على', 1, 34, 'جلاب عينات ورادى', 3, 'جلب العينات', 15, 1, 1, '20eabe5d64b0e216796e834f52d61fd0b70332fc', 4),
(905, 1061, 'رضا فتحى إبراهيم محمود راشد', 1, 34, 'جلاب عينات ورادى', 3, 'جلب العينات', 15, 1, 1, '20eabe5d64b0e216796e834f52d61fd0b70332fc', 4),
(906, 1062, 'محمد على حسين على', 1, 24, 'فنى قيادة سيارات ماهر', 2, 'النقل', 4, 1, 1, '20eabe5d64b0e216796e834f52d61fd0b70332fc', 4),
(907, 1063, 'عاصم علاء الدين يوسف محمد', 1, 32, 'مشرف امن ورادى', 3, 'الامن الميدانى', 8, 2, 1, '20eabe5d64b0e216796e834f52d61fd0b70332fc', 4),
(908, 1064, 'أحمد محمد أحمد محمود', 1, 19, 'مراقب تكرير ماهر ورادى', 2, 'التغذية و التبريد و الترشيح و طلمبات الخلخلة', 5, 2, 1, '20eabe5d64b0e216796e834f52d61fd0b70332fc', 4),
(909, 1065, 'تامر السيد طه أحمد بدر', 1, 34, 'جلاب عينات ورادى \" تكرارى \"', 3, 'جلب العينات', 15, 1, 1, '20eabe5d64b0e216796e834f52d61fd0b70332fc', 4),
(910, 1066, 'كارم محمود محمود على الزيات', 1, 19, 'مراقب تكرير ماهر ورادى', 2, 'ازالة العطريات و الحزام الساخن', 5, 2, 1, '20eabe5d64b0e216796e834f52d61fd0b70332fc', 4),
(911, 1067, 'امير انور السيد عثمان', 1, 4, 'مدير إدارة الاهتزازات', 2, 'التفتيش الهندسى', 4, 1, 1, '20eabe5d64b0e216796e834f52d61fd0b70332fc', 1),
(912, 1068, 'محمد محمود عبد العزيز محمد المهدى', 1, 4, 'مدير إدارة برامج تشغيل السولار ( ندب )', 2, 'برامج التشغيل', 3, 1, 1, '20eabe5d64b0e216796e834f52d61fd0b70332fc', 1),
(913, 1069, 'محمود محمد صلاح أحمد محمد', 1, 4, 'مدير إدارة حركة منتجات وحدات تعظيم انتاج السولار ( ندب )', 2, 'حركة منتجات الشركة', 3, 1, 1, '20eabe5d64b0e216796e834f52d61fd0b70332fc', 1),
(914, 1070, 'حسن صلاح عبد القوى حسن بدوى', 1, 6, 'مدير إدارة بإدارة المشتريات المحلية ( ندب )', 2, 'المشتريات المحلية', 22, 1, 1, '20eabe5d64b0e216796e834f52d61fd0b70332fc', 2),
(915, 1071, 'محمد اسماعيل محمد بشاره', 1, 4, 'مدير إدارة مراجعة التشغيل و الانتاج و الاصول و المخزون', 2, 'المراجعة', 1, 1, 1, '20eabe5d64b0e216796e834f52d61fd0b70332fc', 1),
(916, 1072, 'زينب على عبد القادر الفرماوى', 1, 4, 'مدير إدارة التسويات المالية ( ندب )', 2, 'خدمات العملاء', 10, 1, 1, '20eabe5d64b0e216796e834f52d61fd0b70332fc', 1),
(917, 1073, 'تامر عبد المنعم عبده حسن', 1, 32, 'مشرف امن ورادى \" تكرارى \"', 3, 'الامن الميدانى', 8, 2, 1, '20eabe5d64b0e216796e834f52d61fd0b70332fc', 4),
(918, 1074, 'محمود فهمي عبد المنعم مجاهد', 1, 32, 'مشرف امن ورادى \" تكرارى \"', 3, 'الامن الميدانى', 8, 2, 1, '20eabe5d64b0e216796e834f52d61fd0b70332fc', 4),
(919, 1075, 'حسين على أحمد على', 1, 19, 'مراقب تكرير ماهر ورادى', 2, 'الغلايات و المعالجة', 18, 2, 1, '20eabe5d64b0e216796e834f52d61fd0b70332fc', 4),
(920, 1076, 'أسامة فتوح عبد العال محمد', 1, 24, 'فنى قيادة سيارات ماهر', 2, 'النقل', 4, 1, 1, '20eabe5d64b0e216796e834f52d61fd0b70332fc', 4),
(921, 1077, 'رضا على عبد الرازق يوسف جاب الله', 1, 24, 'فنى قيادة سيارات ماهر', 2, 'النقل', 4, 1, 1, '20eabe5d64b0e216796e834f52d61fd0b70332fc', 4),
(922, 1078, 'مصطفى محمود حافظ محمد يوسف', 1, 28, 'محلل كيميائى ماهر ورادى', 2, 'المراقبة المركزية ورادى', 15, 2, 1, '20eabe5d64b0e216796e834f52d61fd0b70332fc', 4),
(923, 1080, 'رمضان متولى محمد السيد المليجى', 1, 24, 'فنى قيادة سيارات ماهر', 2, 'النقل', 4, 1, 1, '20eabe5d64b0e216796e834f52d61fd0b70332fc', 4),
(924, 1081, 'سامي السيد بدير مرسي', 1, 21, 'ادارى ماهر', 2, 'النقل', 4, 1, 1, '20eabe5d64b0e216796e834f52d61fd0b70332fc', 4),
(925, 1083, 'ايمان محمد جمال السيد أحمد', 1, 21, 'ادارى سكرتارية ماهر', 2, 'مساعد رئيس الشركة للهندسة الكهربائية و التحكم الالى', 29, 1, 1, '20eabe5d64b0e216796e834f52d61fd0b70332fc', 4),
(926, 1084, 'ايمان سمير عبد المنعم حماد', 1, 21, 'ادارى سكرتارية ماهر', 2, 'الصيانة', 13, 1, 1, '20eabe5d64b0e216796e834f52d61fd0b70332fc', 4),
(927, 1085, 'أسامة محمد محمود عبده', 1, 12, 'رئيس قسم بقسم الصيانة و الخدمات المدنية', 2, 'الصيانة و الخدمات المدنية', 14, 1, 1, '20eabe5d64b0e216796e834f52d61fd0b70332fc', 1),
(928, 1086, 'وليد محمد محمود رضوان', 1, 12, 'رئيس قسم بقسم التعويضات', 2, 'المزايا و التعويضات', 20, 1, 1, 'e5971e7f3d1a3ee0f9ef998c22c60a5c89bb84da', 1),
(929, 1087, 'وائل فاروق محمود سعد', 1, 7, 'رئيس قسم ضبط الوثائق الخارجية', 2, 'تاكيد الجودة', 23, 1, 1, '454ddfae7e4a7a2a796e042def57d89f69fda768', 1),
(930, 1088, 'انس السيد أحمد عمارة', 1, 6, 'مدير إدارة بإدارة التفتيش الوقائى', 2, 'التفتيش الوقائى و السلامة و الصحة المهنية', 16, 1, 1, '20eabe5d64b0e216796e834f52d61fd0b70332fc', 2),
(931, 1089, 'ممدوح السيد حامد إبراهيم', 1, 15, 'مشرف خدمات ادارية متقدم', 3, 'الخدمات الادارية و الاجتماعية', 1, 1, 1, '20eabe5d64b0e216796e834f52d61fd0b70332fc', 4),
(932, 1090, 'محمد نصر حسين الحمامى', 1, 5, 'مدير عام مساعد الاستثمار و الدراسات الفنية و الاقتصادية ( ندب )', 1, 'الاستثمار و الدراسات الفنية و الاقتصادية', 17, 1, 1, '20eabe5d64b0e216796e834f52d61fd0b70332fc', 2),
(933, 1091, 'هبة شعبان محمود الشربيني', 1, 33, 'فنى صيانة ماهر', 2, 'صيانة المعدات الدواره و التبريد و التكييف', 13, 1, 1, '20eabe5d64b0e216796e834f52d61fd0b70332fc', 4),
(934, 1092, 'حنان عبد المنعم محمد غانم', 1, 7, 'رئيس قسم متابعة اعمال الصيانة و الخدمات المدنية', 2, 'الصيانة و الخدمات المدنية', 14, 1, 1, 'a4aa860568d8f21b0186474deabb08ddad702e86', 1),
(935, 1093, 'محمد سعيد عبد اللطيف محمد إبراهيم', 1, 12, 'رئيس قسم بقسم المكتبة', 2, 'العلاقات العامة', 1, 1, 1, '20eabe5d64b0e216796e834f52d61fd0b70332fc', 1),
(936, 1094, 'مصطفى محمد أحمد حسنين', 1, 34, 'جلاب عينات ورادى', 3, 'جلب العينات', 15, 1, 1, '20eabe5d64b0e216796e834f52d61fd0b70332fc', 4),
(937, 1095, 'عبد الرحمن عبد السلام عبد الخالق نجم', 1, 19, 'مراقب تكرير ماهر ورادى', 2, 'المرافق', 18, 1, 1, '20eabe5d64b0e216796e834f52d61fd0b70332fc', 4),
(938, 1096, 'نيفين عبد السلام محمود عبد السلام', 1, 7, 'رئيس قسم متابعة تنفيذ الاعمال المدنية', 2, 'تنفيذ الاعمال المدنية', 14, 1, 1, 'a4aa860568d8f21b0186474deabb08ddad702e86', 1),
(939, 1097, 'أحمد محمد مجدى مصطفى', 1, 7, 'رئيس قسم اقتصاديات التشغيل للسولار', 2, 'اقتصاديات التشغيل', 3, 1, 1, '20eabe5d64b0e216796e834f52d61fd0b70332fc', 1),
(940, 1098, 'على عماد الدين اسماعيل عبد الحميد السيوفى', 1, 7, 'رئيس قسم المدفوعات المتنوعة', 2, 'الحسابات', 7, 1, 1, '20eabe5d64b0e216796e834f52d61fd0b70332fc', 1),
(941, 1099, 'ياسر مصطفى محمد السعيد عوض', 1, 4, 'مدير إدارة الامن الميدانى المنطقة ( 1 ) ( ندب )', 2, 'الامن الميدانى', 8, 2, 1, '20eabe5d64b0e216796e834f52d61fd0b70332fc', 1),
(942, 1100, 'محمود محمد محروس بلتاجى', 1, 4, 'مدير إدارة الامن الميدانى المنطقة ( 2 ) ( ندب )', 2, 'الامن الميدانى', 8, 1, 1, '20eabe5d64b0e216796e834f52d61fd0b70332fc', 1),
(943, 1101, 'اسراء صالح زكى زيدان', 1, 7, 'رئيس قسم مراجعة البيئة و السلامة و الصحة المهنية', 2, 'تاكيد الجودة', 23, 1, 1, '20eabe5d64b0e216796e834f52d61fd0b70332fc', 1),
(944, 1102, 'عمرو إبراهيم الدسوقى السيد احمد', 1, 7, 'رئيس قسم الدراسات للوحدات الانتاجية', 2, 'الدراسات و البرمجة الفنية', 2, 1, 1, '20eabe5d64b0e216796e834f52d61fd0b70332fc', 1),
(945, 1103, 'احمد محمد ابو القاسم احمد ابو القاسم', 1, 7, 'رئيس قسم مغيرات السرعة و المولدات و المكثفات و البطاريات و الشواحن', 2, 'المحطات الكهربائية', 19, 1, 1, '20eabe5d64b0e216796e834f52d61fd0b70332fc', 1),
(946, 1104, 'حمادة محمد فتحى الخراشى', 1, 7, 'رئيس قسم الخدمات البنكية', 2, 'خدمات العملاء', 10, 1, 1, '20eabe5d64b0e216796e834f52d61fd0b70332fc', 1),
(947, 1105, 'محمد يحيى أحمد عبد القادر محمد', 1, 7, 'رئيس قسم حسابات التامينات', 2, 'حسابات الاجور و المزايا', 7, 1, 1, '20eabe5d64b0e216796e834f52d61fd0b70332fc', 1),
(948, 1106, 'مروة مصباح عبد السلام عوض السيد', 1, 7, 'رئيس قسم مراجعة الجودة', 2, 'تاكيد الجودة', 23, 1, 1, '20eabe5d64b0e216796e834f52d61fd0b70332fc', 1),
(949, 1107, 'ريهام السيد محمد إبراهيم', 1, 7, 'رئيس قسم حسابات السولار', 2, 'حسابات تعظيم انتاجية السولار و المنتجات الاخرى', 7, 1, 1, '20eabe5d64b0e216796e834f52d61fd0b70332fc', 1),
(950, 1108, 'محمد سعيد أحمد شاكر', 1, 28, 'محلل كيميائى ماهر', 2, 'تحاليل المنتجات و الناقلات', 15, 1, 1, '20eabe5d64b0e216796e834f52d61fd0b70332fc', 4),
(951, 1109, 'كريم شريف حسين يوسف خضر', 1, 7, 'رئيس قسم تنفيذ البرامج الخارجية', 2, 'التدريب الخارجى', 27, 1, 1, '20eabe5d64b0e216796e834f52d61fd0b70332fc', 1),
(952, 1110, 'هاجر أحمد كمال إبراهيم', 1, 12, 'رئيس قسم بقسم برامج تشغيل الزيوت', 2, 'برامج التشغيل', 3, 1, 1, '20eabe5d64b0e216796e834f52d61fd0b70332fc', 1),
(953, 1111, 'هيثم فتحى محمود سعد', 1, 6, 'مدير إدارة بإدارة العقود و المناقصات و المزايدات ( ندب )', 2, 'المشتريات المحلية', 22, 1, 1, '20eabe5d64b0e216796e834f52d61fd0b70332fc', 1),
(954, 1112, 'أحمد محمد عبد الله حسن كمش', 1, 4, 'مدير إدارة صيانة الوحدات المساعدة و المرافق ( ندب )', 2, 'صيانة الاجهزة', 13, 1, 1, '20eabe5d64b0e216796e834f52d61fd0b70332fc', 1),
(955, 1113, 'محمد عثمان عبد السيد عبد السلام الزقم', 1, 19, 'مراقب تكرير ماهر ورادى', 2, 'التقطير التفريغى', 9, 1, 1, '20eabe5d64b0e216796e834f52d61fd0b70332fc', 4),
(956, 1114, 'أسامة عبد الحميد محمد أحمد مجاهد', 1, 24, 'فنى قيادة سيارات ماهر', 2, 'النقل', 4, 1, 1, '20eabe5d64b0e216796e834f52d61fd0b70332fc', 4),
(957, 1115, 'محمد السعيد محمد عوض', 1, 19, 'مراقب تكرير ماهر ورادى', 2, 'المرافق', 18, 1, 1, '20eabe5d64b0e216796e834f52d61fd0b70332fc', 4),
(958, 1116, 'إبراهيم سليمان سليمان على محرم', 1, 21, 'ادارى ماهر', 2, 'العلاقات العامة', 1, 1, 1, '20eabe5d64b0e216796e834f52d61fd0b70332fc', 4),
(959, 1117, 'محمود على أحمد على حسن شريف', 1, 19, 'مراقب تكرير ماهر ورادى', 2, 'الضواغط و استرجاع المذيب', 5, 2, 1, '20eabe5d64b0e216796e834f52d61fd0b70332fc', 4),
(960, 1118, 'غيطانى عطيه محمد السيد قشيوط', 1, 4, 'مدير إدارة الاستيراد و متابعة خطابات الضمان ( ندب )', 2, 'المشتريات الخارجية', 22, 1, 1, '20eabe5d64b0e216796e834f52d61fd0b70332fc', 1),
(961, 1119, 'كريم محمود متولى مرسى', 1, 7, 'رئيس قسم متابعة صيانة اجهزة التحكم لوحدات الزيوت و الوحدات المساعدة و المرافق', 2, 'صيانة اجهزة التحكم الالى', 25, 1, 1, '20eabe5d64b0e216796e834f52d61fd0b70332fc', 1),
(962, 1120, 'عمر عبد الله مسعود فضل الله', 1, 32, 'مشرف امن ورادى', 3, 'الامن الميدانى', 8, 2, 1, '20eabe5d64b0e216796e834f52d61fd0b70332fc', 4),
(963, 1121, 'رضا منصور عبد العزيز منصور', 1, 35, 'مشرف تعبئة \" ورادى \"', 3, 'صب و تغليف الشموع', 6, 1, 1, '20eabe5d64b0e216796e834f52d61fd0b70332fc', 4),
(964, 1122, 'أحمد محمد أحمد محمد صابر', 1, 32, 'مشرف امن ورادى', 3, 'الامن الميدانى', 8, 2, 1, '20eabe5d64b0e216796e834f52d61fd0b70332fc', 4),
(965, 1123, 'وليد محمد رجب شعبان', 1, 32, 'مشرف امن ورادى', 3, 'الامن الميدانى', 8, 2, 1, '20eabe5d64b0e216796e834f52d61fd0b70332fc', 4),
(966, 1124, 'السيد محمد السيد إبراهيم الخولانى', 1, 32, 'مشرف امن ورادى', 3, 'الامن الميدانى', 8, 2, 1, '20eabe5d64b0e216796e834f52d61fd0b70332fc', 4),
(967, 1125, 'ايمن السيد أحمد جودة', 1, 15, 'مشرف خدمات ادارية متقدم', 3, 'العلاقات العامة', 1, 1, 1, '20eabe5d64b0e216796e834f52d61fd0b70332fc', 4),
(968, 1126, 'محمد السيد محمد خليفة', 1, 32, 'مشرف امن ورادى', 3, 'الامن الميدانى', 8, 2, 1, '20eabe5d64b0e216796e834f52d61fd0b70332fc', 4),
(969, 1127, 'مصطفى سعد مصطفى أحمد', 1, 16, 'جلاب عينات متقدم ورادى', 3, 'جلب العينات', 15, 1, 1, '20eabe5d64b0e216796e834f52d61fd0b70332fc', 4),
(970, 1128, 'عارف أحمد عارف رشوان', 1, 7, 'رئيس قسم تنفيذ الندوات الداخلية', 2, 'التدريب الداخلى', 27, 1, 1, 'a6875bebfe2e1de0d956b67170425fe105b9949c', 1),
(971, 1129, 'أحمد سعد محمد أحمد', 1, 22, 'مراقب امن صناعى ماهر ورادى', 2, 'مكافحة الحريق و تقليل الخسائر', 16, 2, 1, '20eabe5d64b0e216796e834f52d61fd0b70332fc', 4),
(972, 1130, 'محمد عوض محمود عبد الجليل', 1, 36, 'رئيس عمال', 4, 'المخازن', 22, 1, 1, '20eabe5d64b0e216796e834f52d61fd0b70332fc', 4),
(973, 1131, 'صبحى حسن حسين متولى سالم', 1, 19, 'مراقب انشاءات ماهر', 2, 'تنفيذ المشروعات', 4, 1, 1, '20eabe5d64b0e216796e834f52d61fd0b70332fc', 4),
(974, 1132, 'أحمد حلمى إبراهيم أبو شعيشع', 1, 21, 'ادارى ماهر', 2, 'الاستحقاقات', 20, 1, 1, 'a4aa860568d8f21b0186474deabb08ddad702e86', 4),
(975, 1133, 'اسلام عبده يوسف محمود', 1, 15, 'مشرف خدمات ادارية متقدم', 3, 'العلاقات العامة', 1, 1, 1, '20eabe5d64b0e216796e834f52d61fd0b70332fc', 4),
(976, 1134, 'خالد محمود عبد الرحمن برهام المالكى', 1, 7, 'رئيس قسم متابعة صيانة اجهزة التحكم لوحدات السولار', 2, 'صيانة اجهزة التحكم الالى', 25, 1, 1, '20eabe5d64b0e216796e834f52d61fd0b70332fc', 1),
(977, 1135, 'سامر سمير عبد اللطيف اسماعيل', 1, 7, 'رئيس قسم متابعة وحدات الهدرجة', 2, 'هدرجة الزيوت و الشموع', 6, 1, 1, '20eabe5d64b0e216796e834f52d61fd0b70332fc', 1),
(978, 1136, 'فواز عبد الحليم شاهين حريبة', 1, 6, 'مدير إدارة بإدارة امن الخطط و المعلومات', 2, 'امن الخطط و المعلومات', 8, 1, 1, '20eabe5d64b0e216796e834f52d61fd0b70332fc', 2),
(979, 1137, 'سماح حسن محمد حسن', 1, 21, 'ادارى سكرتارية ماهر', 2, 'الهندسة المدنية', 14, 1, 1, '20eabe5d64b0e216796e834f52d61fd0b70332fc', 4),
(980, 1138, 'هبه عبد المعطى إبراهيم القليوبى', 1, 7, 'رئيس قسم تطوير المعدات للوحدات المساعدة و المرافق', 2, 'التصميم التكنولوجى', 2, 1, 1, '20eabe5d64b0e216796e834f52d61fd0b70332fc', 1),
(981, 1139, 'محمد مجدى محمد شحاته عمار', 1, 19, 'مراقب تكرير ماهر ورادى', 2, 'التقطير التفريغى', 9, 1, 1, '20eabe5d64b0e216796e834f52d61fd0b70332fc', 4),
(982, 1140, 'ساره احمد الصاوى تمراز', 1, 6, 'مدير إدارة بإدارة تحاليل منتجات الزيوت و السولار', 2, 'تحاليل المنتجات و الناقلات', 15, 1, 1, '20eabe5d64b0e216796e834f52d61fd0b70332fc', 2),
(983, 1141, 'هالة أحمد رجب محمد', 1, 37, 'محلل كيميائى', 2, 'تحاليل المياه و الغازات و البيئة', 15, 1, 1, '20eabe5d64b0e216796e834f52d61fd0b70332fc', 4),
(984, 1143, 'صالح فرج محمد الصاوى', 1, 38, 'فنى قيادة سيارات', 2, 'النقل', 4, 1, 1, '20eabe5d64b0e216796e834f52d61fd0b70332fc', 4),
(985, 1144, 'حمدى قطب عطيه نحله', 1, 38, 'فنى قيادة سيارات', 2, 'النقل', 4, 1, 1, '20eabe5d64b0e216796e834f52d61fd0b70332fc', 4),
(986, 1145, 'عصام الدين سعد سعد محمد السبحى', 1, 7, 'رئيس قسم متابعة الديزل و الضواغط و الوقود و الشعلة', 2, 'المرافق', 18, 1, 1, '20eabe5d64b0e216796e834f52d61fd0b70332fc', 1),
(987, 1146, 'محمود سامى محمود عثمان امين حسن', 1, 38, 'فنى قيادة سيارات', 2, 'النقل', 4, 1, 1, '20eabe5d64b0e216796e834f52d61fd0b70332fc', 4),
(988, 1147, 'نيازى احمد شعبان حسن عامر', 1, 7, 'رئيس قسم الصيانة و الخدمات المدنية', 2, 'الصيانة و الخدمات المدنية', 14, 1, 1, '20eabe5d64b0e216796e834f52d61fd0b70332fc', 1),
(989, 1148, 'عبد الرحمن محمد على محمد إبراهيم', 1, 37, 'محلل كيميائى ورادى', 2, 'المراقبة المركزية ورادى', 15, 2, 1, '20eabe5d64b0e216796e834f52d61fd0b70332fc', 4),
(990, 1149, 'سامى صبحى مصطفى غانم', 1, 3, 'مدير عام بالادارة العامة للشئون الطبية ( ندب )', 1, 'الطبية', 21, 1, 1, 'b68565e4545d6c704d36298030e6ce9d64a037ea', 2),
(991, 1150, 'محمد محمود الشطورى احمد', 1, 31, 'مراقب مخازن ماهر', 2, 'المخازن', 22, 1, 1, '20eabe5d64b0e216796e834f52d61fd0b70332fc', 4),
(992, 1151, 'احمد غازى عبد الجليل مصطفى', 1, 12, 'رئيس قسم بقسم متابعة صيانة اجهزة التحكم لوحدات السولار', 2, 'صيانة اجهزة التحكم الالى', 25, 1, 1, '20eabe5d64b0e216796e834f52d61fd0b70332fc', 1),
(993, 1152, 'وليد على فرج عبد العال', 1, 7, 'رئيس قسم تطوير البرامج', 2, 'نظم و تكنولوجيا المعلومات', 1, 1, 1, 'f7c3bc1d808e04732adf679965ccc34ca7ae3441', 4),
(994, 1154, 'محمد محمود عبد اللطيف', 1, 29, 'مراقب ترحيلات ماهر ورادى', 2, 'حركة منتجات الشركة', 3, 1, 1, '20eabe5d64b0e216796e834f52d61fd0b70332fc', 4),
(995, 1155, 'داليا فتحى محمد قوطه', 1, 7, 'رئيس قسم صيانة الحاسبات', 2, 'نظم و تكنولوجيا المعلومات', 1, 1, 1, 'dfee185f541d9a1f86a5dc37f6d8b0219bb4487c', 1),
(996, 1156, 'محمود عبد العزيز على محمد البنا', 1, 7, 'رئيس قسم السجلات المالية للنظام', 2, 'حسابات الاجور و المزايا', 7, 1, 1, '20eabe5d64b0e216796e834f52d61fd0b70332fc', 1),
(997, 1157, 'احمد ابراهيم على ابراهيم', 1, 7, 'رئيس قسم متابعة المعالجة و المتكثفات', 2, 'الغلايات و المعالجة', 18, 1, 1, '20eabe5d64b0e216796e834f52d61fd0b70332fc', 1),
(998, 1158, 'احمد حسين عيداروس عبد الرحمن', 1, 21, 'ادارى ماهر', 2, 'المزايا و التعويضات', 20, 1, 1, '20eabe5d64b0e216796e834f52d61fd0b70332fc', 4),
(999, 1159, 'محمد محمود احمد عبد الشافى', 1, 7, 'رئيس قسم تحليل النظم', 2, 'نظم و تكنولوجيا المعلومات', 1, 1, 1, 'f6294db2e8baae490712270ead42ab529a7f62ec', 3),
(1000, 1160, 'محمد قدرى محمد حسن', 1, 5, 'مدير عام مساعد بالادارة العامة لهندسة التحكم الآلى ( ندب )', 1, 'هندسة التحكم الالى', 25, 1, 1, '20eabe5d64b0e216796e834f52d61fd0b70332fc', 2),
(1001, 1161, 'علاء محمد محمد سعد القالع', 1, 39, 'فنى صيانة', 2, 'صيانة الاجهزة', 13, 1, 1, '20eabe5d64b0e216796e834f52d61fd0b70332fc', 4),
(1002, 1162, 'محمد عصام سعد احمد دسوقى', 1, 40, 'ادارى سكرتارية', 2, 'تخطيط الانتاج', 3, 1, 1, '20eabe5d64b0e216796e834f52d61fd0b70332fc', 4),
(1003, 1163, 'اسلام السيد محمد فتح الله', 1, 21, 'ادارى ماهر', 2, 'الاستحقاقات', 20, 1, 1, '20eabe5d64b0e216796e834f52d61fd0b70332fc', 4),
(1004, 1164, 'احمد عبد المنعم عبد العزيز محمد', 1, 40, 'ادارى', 2, 'العلاقات العامة', 1, 1, 1, '20eabe5d64b0e216796e834f52d61fd0b70332fc', 4),
(1005, 1165, 'محمد عبد الغنى حسان زهران', 1, 40, 'ادارى', 2, 'الاستحقاقات', 20, 1, 1, '20bdd00808cd94bacfada0bab3d65fbd8f05d4d4', 4),
(1006, 1166, 'محمد عبد الهادى اسماعيل على شعلان', 1, 7, 'رئيس قسم المعايره لاجهزة العمليات و التحكم الآلى', 2, 'تاكيد الجودة', 23, 1, 1, '20eabe5d64b0e216796e834f52d61fd0b70332fc', 1),
(1007, 1167, 'صابرين جابر احمد السيد', 1, 41, 'فنى تمريض ماهر', 2, 'الشئون الطبية', 21, 1, 1, '20eabe5d64b0e216796e834f52d61fd0b70332fc', 4),
(1008, 1168, 'احمد فاروق مصيلحى احمد طاحون', 1, 7, 'رئيس قسم الامن و الحراسة المنطقة ( 1 ) ورادى', 2, 'الامن الميدانى', 8, 1, 1, '20eabe5d64b0e216796e834f52d61fd0b70332fc', 1),
(1009, 1169, 'مصطفى ابراهيم عبد الحميد محمد', 1, 42, 'مراقب تكرير \" ورادى \"', 2, 'المرافق', 18, 1, 1, '20eabe5d64b0e216796e834f52d61fd0b70332fc', 4),
(1010, 1170, 'فهيم سعد عبد العزيز ابو السعود', 1, 41, 'فنى تمريض ماهر', 2, 'الشئون الطبية', 21, 1, 1, '20eabe5d64b0e216796e834f52d61fd0b70332fc', 4),
(1011, 1171, 'احمد محمد ابو زيد عطية', 1, 43, 'فنى تمريض', 2, 'الشئون الطبية', 21, 1, 1, '20eabe5d64b0e216796e834f52d61fd0b70332fc', 4),
(1012, 1172, 'حمدى مصطفى عبد المطلب عفيفى', 1, 41, 'فنى تمريض ماهر', 2, 'الشئون الطبية', 21, 1, 1, '20eabe5d64b0e216796e834f52d61fd0b70332fc', 4),
(1013, 1173, 'محمود فاروق محفوظ محمد شحاته', 1, 36, 'رئيس عمال ورادى', 4, 'جلب العينات', 15, 1, 1, '20eabe5d64b0e216796e834f52d61fd0b70332fc', 4),
(1014, 1174, 'مصطفى حجاج ابو الوفا مطاوع', 1, 42, 'مراقب تكرير \" ورادى \"', 2, 'المرافق', 18, 1, 1, '20eabe5d64b0e216796e834f52d61fd0b70332fc', 4),
(1015, 1175, 'وليد احمد حسن درويش', 1, 38, 'فنى قيادة سيارات', 2, 'النقل', 4, 1, 1, '20eabe5d64b0e216796e834f52d61fd0b70332fc', 4),
(1016, 1176, 'حسام الدين محمود احمد شعير', 1, 38, 'فنى قيادة سيارات', 2, 'النقل', 4, 1, 1, '20eabe5d64b0e216796e834f52d61fd0b70332fc', 4),
(1017, 1177, 'محمد عبد السلام محمد البرقامى', 1, 44, 'فنى اختبارات', 2, 'التفتيش الهندسى', 4, 1, 1, '20eabe5d64b0e216796e834f52d61fd0b70332fc', 4),
(1018, 1178, 'سهير زكى صابر محمد', 1, 37, 'محلل كيميائى', 2, 'تحاليل المنتجات و الناقلات', 15, 1, 1, '20eabe5d64b0e216796e834f52d61fd0b70332fc', 4),
(1019, 1179, 'محمد حسانين محمد على العيسوى', 1, 7, 'رئيس قسم التسويات المالية', 2, 'الاستحقاقات', 20, 1, 1, '20eabe5d64b0e216796e834f52d61fd0b70332fc', 1),
(1020, 1180, 'ايمان عبد الشكور محمد عبد الله', 1, 7, 'رئيس قسم الاجهزة الدقيقة', 2, 'تحاليل المياه و الغازات و البيئة', 15, 1, 1, '20eabe5d64b0e216796e834f52d61fd0b70332fc', 1),
(1021, 1182, 'ساره إبراهيم رجب أحمد محمد حمادة', 1, 7, 'رئيس قسم تسويات الضريبة على المبيعات', 2, 'التحليل المالى و الضرائب', 7, 1, 1, '20eabe5d64b0e216796e834f52d61fd0b70332fc', 1),
(1022, 1183, 'اسماء عبد الحميد عبد الحليم صالح', 1, 7, 'رئيس قسم اقتصاديات تشغيل الزيوت', 2, 'اقتصاديات التشغيل', 3, 1, 1, '20eabe5d64b0e216796e834f52d61fd0b70332fc', 1),
(1023, 1184, 'حازم عبد المنعم السيد محمد حرفوش', 1, 7, 'رئيس قسم تخطيط برامج الصيانة لهندسة التحكم الالى', 2, 'تخطيط برامج الصيانة للكهرباء و التحكم الالى', 29, 1, 1, '20eabe5d64b0e216796e834f52d61fd0b70332fc', 1),
(1024, 1185, 'نورهان احمد عبد المنعم صالح', 1, 45, 'مهندس ممتاز', 2, 'الدراسات الفنية لاجهزة التحكم الالى', 25, 1, 1, '20eabe5d64b0e216796e834f52d61fd0b70332fc', 4),
(1025, 1186, 'محمود احمد محمد سليمان', 1, 46, 'مراقب مخازن', 2, 'المخازن', 22, 1, 1, '20eabe5d64b0e216796e834f52d61fd0b70332fc', 4),
(1026, 1187, 'محمد حمدى محمد نافع', 1, 7, 'رئيس قسم متابعة خطابات الضمان', 2, 'المشتريات الخارجية', 22, 1, 1, '20eabe5d64b0e216796e834f52d61fd0b70332fc', 1),
(1027, 1188, 'احمد حسن احمد فرغلى على', 1, 42, 'مراقب تكرير \" ورادى \"', 2, 'الغلايات و المعالجة', 18, 2, 1, '20eabe5d64b0e216796e834f52d61fd0b70332fc', 4),
(1028, 1189, 'رمضان السيد احمد محمد', 1, 47, 'فنى قيادة ونش شوكة', 2, 'المخازن', 22, 1, 1, '20eabe5d64b0e216796e834f52d61fd0b70332fc', 4),
(1029, 1190, 'رمضان احمد السيد محمود عمر', 1, 42, 'مراقب تكرير هدرجة الزيت ورادى', 2, 'هدرجة الزيوت و الشموع', 6, 2, 1, '20eabe5d64b0e216796e834f52d61fd0b70332fc', 4),
(1030, 1191, 'محمود محمد عبد العزيز ابراهيم محجوب', 1, 48, 'أخصائى ممتاز &#34; تكرارى &#34;', 2, 'الاستحقاقات', 20, 1, 1, '6b63d2a490228d003c055c36430ba00666db7ff7', 4),
(1031, 1192, 'حاتم جابر صادق محمود', 1, 48, 'أخصائى ممتاز', 2, 'المشتريات الخارجية', 22, 1, 1, '20eabe5d64b0e216796e834f52d61fd0b70332fc', 4),
(1032, 1193, 'كريم محمود مصطفى صالح الشعراوى', 1, 45, 'مهندس ممتاز', 2, 'تنفيذ المشروعات', 4, 1, 1, '20eabe5d64b0e216796e834f52d61fd0b70332fc', 4),
(1033, 1195, 'شريف محمد احمد محمد زرزور', 1, 30, 'أخصائى أول', 2, 'نظم و تكنولوجيا المعلومات', 1, 1, 1, 'eb860647ae28220803225a32d1a9243be859c297', 4),
(1034, 1196, 'عمرو مفيد جودة محمد زايد شريف', 1, 45, 'مهندس ممتاز', 2, 'صيانة المعدات الدواره و التبريد و التكييف', 13, 1, 1, '20eabe5d64b0e216796e834f52d61fd0b70332fc', 4),
(1035, 1197, 'معتز محمد سالم اسماعيل سليمان', 1, 45, 'مهندس ممتاز \" تكرارى \"', 2, 'صيانة المعدات الدواره و التبريد و التكييف', 13, 1, 1, '127f2e361a0bcd6d786296a7c29fd36678e90ff4', 4),
(1036, 1198, 'عبد الرحمن مصطفى محمد مصطفى احمد', 1, 28, 'محلل كيميائى ماهر ورادى', 2, 'المراقبة المركزية ورادى', 15, 2, 1, '20eabe5d64b0e216796e834f52d61fd0b70332fc', 4),
(1037, 1199, 'سامى عبد المقصود ابراهيم اسماعيل', 1, 12, 'رئيس قسم بقسم الورشة الكهربائية و خدمات الانارة', 2, 'الصيانة الكهربائية', 19, 1, 1, '20eabe5d64b0e216796e834f52d61fd0b70332fc', 1),
(1038, 1200, 'هشام على محمد بسيونى', 1, 7, 'رئيس قسم الاستلام المحلى', 2, 'المخازن', 22, 1, 1, '20eabe5d64b0e216796e834f52d61fd0b70332fc', 1),
(1039, 1201, 'ابراهيم محمد محمد ابراهيم', 1, 20, 'مشرف خدمات ادارية', 3, 'العلاقات العامة', 1, 1, 1, '20eabe5d64b0e216796e834f52d61fd0b70332fc', 4),
(1040, 1202, 'هانى بكر عسران عبد المقصود', 1, 12, 'رئيس قسم بقسم الشراء المحلى', 2, 'المشتريات المحلية', 22, 1, 1, '20eabe5d64b0e216796e834f52d61fd0b70332fc', 1),
(1041, 1203, 'جمعة عوض مصطفى جامع', 1, 21, 'ادارى ماهر', 2, 'الخدمات الادارية و الاجتماعية', 1, 1, 1, '20eabe5d64b0e216796e834f52d61fd0b70332fc', 4),
(1042, 1204, 'علاء عبد المنعم داود محمد', 1, 19, 'مراقب انشاءات ماهر', 2, 'تنفيذ المشروعات', 4, 1, 1, '20eabe5d64b0e216796e834f52d61fd0b70332fc', 4),
(1043, 1205, 'هالة وجيه محرم سليمان راسم', 1, 2, 'خبير / مساعد رئيس الشركة', 1, 'التدريب و تنمية الموارد البشرية', 27, 1, 1, 'f7c3bc1d808e04732adf679965ccc34ca7ae3441', 2),
(1044, 1206, 'محمد فاروق خميس شعبان', 1, 49, 'مراقب ترحيلات ورادى', 2, 'حركة منتجات الشركة', 3, 1, 1, '20eabe5d64b0e216796e834f52d61fd0b70332fc', 4),
(1045, 1207, 'مصطفى محمد السيد زكى حماده', 1, 39, 'فنى صيانة', 2, 'صيانة الاجهزة', 13, 1, 1, '20eabe5d64b0e216796e834f52d61fd0b70332fc', 4),
(1046, 1208, 'على محمود على الصافى', 1, 39, 'فنى صيانة', 2, 'مكافحة الحريق و تقليل الخسائر', 16, 1, 1, '20eabe5d64b0e216796e834f52d61fd0b70332fc', 4),
(1047, 1209, 'محمد احمد شوقى محمد عبد الجواد', 1, 40, 'ادارى \" تكرارى \"', 2, 'الاستحقاقات', 20, 1, 1, '20eabe5d64b0e216796e834f52d61fd0b70332fc', 4),
(1048, 1210, 'شريف صلاح محمود محمد الدمنهورى', 1, 39, 'فنى صيانة', 2, 'صيانة المعدات الدواره و التبريد و التكييف', 13, 1, 1, '20eabe5d64b0e216796e834f52d61fd0b70332fc', 4),
(1049, 1211, 'محمد انور خميس مصطفى', 1, 48, 'أخصائى ممتاز', 2, 'تخطيط الموارد البشرية', 26, 1, 1, '20eabe5d64b0e216796e834f52d61fd0b70332fc', 4),
(1050, 1212, 'عمرو محمد احمد حسن عيد', 1, 45, 'مهندس ممتاز', 2, 'صيانة الاجهزة', 13, 1, 1, '20eabe5d64b0e216796e834f52d61fd0b70332fc', 4),
(1051, 1213, 'طارق اسماعيل همت احمد همت اسماعيل', 1, 6, 'مدير إدارة بإدارة الاستلام', 2, 'المخازن', 22, 1, 1, '20eabe5d64b0e216796e834f52d61fd0b70332fc', 2),
(1052, 1214, 'ايمن على تغيان امين', 1, 50, 'محاسب ممتاز', 2, 'حسابات الزيوت و الشموع و المنتجات الاخرى', 7, 1, 1, '20eabe5d64b0e216796e834f52d61fd0b70332fc', 4),
(1053, 1215, 'هبة ابرهيم محمد ابراهيم الفرخ', 1, 40, 'ادارى سكرتارية', 2, 'التدريب و تنمية الموارد البشرية', 27, 1, 1, '20eabe5d64b0e216796e834f52d61fd0b70332fc', 4),
(1054, 1216, 'ياسر عطية عبد الجواد عطية', 1, 34, 'جلاب عينات ورادى \" تكرارى \"', 3, 'جلب العينات', 15, 1, 1, '20eabe5d64b0e216796e834f52d61fd0b70332fc', 4),
(1055, 1217, 'نيفين كامل محمود حسين', 1, 48, 'أخصائى ممتاز', 2, 'التسويق والمبيعات', 10, 1, 1, '20eabe5d64b0e216796e834f52d61fd0b70332fc', 4),
(1056, 1218, 'محمد عادل عبد المنعم الجيار', 1, 48, 'أخصائى ممتاز', 2, 'برامج التشغيل', 3, 1, 1, '20eabe5d64b0e216796e834f52d61fd0b70332fc', 4),
(1057, 1219, 'محمود محمد محمد احمد ابراهيم', 1, 48, 'أخصائى ممتاز', 2, 'علاقات المستثمرين', 17, 1, 1, '20eabe5d64b0e216796e834f52d61fd0b70332fc', 4),
(1058, 1220, 'منى زكى جابر مرسى الليثى', 1, 48, 'أخصائى ممتاز &#34; تكرارى &#34;', 2, 'الاستحقاقات', 20, 1, 1, '7c222fb2927d828af22f592134e8932480637c0d', 3),
(1059, 1221, 'محمد عبد الفتاح احمد ربيع', 1, 7, 'رئيس قسم الطب الوقائى', 2, 'الشئون الطبية', 21, 1, 1, '20eabe5d64b0e216796e834f52d61fd0b70332fc', 1),
(1060, 1222, 'احمد محمود ابراهيم يوسف حسن', 1, 37, 'محلل كيميائى ورادى', 2, 'المراقبة المركزية ورادى', 15, 2, 1, '20eabe5d64b0e216796e834f52d61fd0b70332fc', 4),
(1061, 1223, 'صالح ابراهيم صالح سيد بكر', 1, 42, 'مراقب تكرير \" ورادى \"', 2, 'المرافق', 18, 1, 1, '20eabe5d64b0e216796e834f52d61fd0b70332fc', 4),
(1062, 1224, 'محمد السيد عبد الحميد السوبارى', 1, 48, 'أخصائى ممتاز', 2, 'اقتصاديات التشغيل', 3, 1, 1, '20eabe5d64b0e216796e834f52d61fd0b70332fc', 4),
(1063, 1225, 'ايمن عبد المنعم عرفه حسن الدرديرى', 1, 45, 'مهندس ممتاز', 2, 'صيانة الطلمبات و التربينات', 13, 1, 1, '20eabe5d64b0e216796e834f52d61fd0b70332fc', 4),
(1064, 1226, 'هبه محمد نجيب ذكي نجم', 1, 51, 'محاسب أول', 2, 'البنوك والنقد الاجنبى والجمارك', 7, 1, 1, '20eabe5d64b0e216796e834f52d61fd0b70332fc', 4),
(1065, 1227, 'اسامة سامى عبد الحميد محمد الدسوقى', 1, 48, 'أخصائى ممتاز', 2, 'الاعلام و التسويق الالكترونى', 12, 1, 1, 'df5f15d6c7a0c448448133ddc30f19d38edac168', 4),
(1066, 1228, 'محمد فوزى محمد بدوى', 1, 48, 'أخصائى ممتاز', 2, 'نظم و تكنولوجيا المعلومات', 1, 1, 1, '1515a6e7c5f26899b9202b47d5bbfc72c1cc2e31', 4),
(1067, 1229, 'طارق احمد محروس احمد محمد بحيرى', 1, 52, 'كيميائى ممتاز', 2, 'انتاج الغازات و تفريغ الكيماويات و مستلزمات الانتاج', 6, 1, 1, '20eabe5d64b0e216796e834f52d61fd0b70332fc', 4),
(1068, 1230, 'هشام عبد الله حافظ الخولى', 1, 50, 'محاسب ممتاز', 2, 'علاج العاملين و اسرهم', 21, 1, 1, '20eabe5d64b0e216796e834f52d61fd0b70332fc', 4),
(1069, 1231, 'محمود محمد محمود غانم محمود', 1, 53, 'فنى كهرباء ورادى', 2, 'المحطات الكهربائية', 19, 2, 1, '20eabe5d64b0e216796e834f52d61fd0b70332fc', 4),
(1070, 1232, 'احمد محمد عبد القادر محمد', 1, 54, 'مساعد فنى', 3, 'الصيانة الكهربائية', 19, 1, 1, '20eabe5d64b0e216796e834f52d61fd0b70332fc', 4),
(1071, 1233, 'علاء الدين محمد حسن قشيوط', 1, 54, 'مساعد فنى', 3, 'الصيانة الكهربائية', 19, 1, 1, '20eabe5d64b0e216796e834f52d61fd0b70332fc', 4),
(1072, 1234, 'محمد عادل عبد الحميد الشريف', 1, 42, 'مراقب تكرير ورادى', 2, 'صب و تغليف الشموع', 6, 1, 1, '20eabe5d64b0e216796e834f52d61fd0b70332fc', 4),
(1073, 1235, 'مصطفى خضر محمد عبد العال', 1, 42, 'مراقب تكرير هدرجة الشمع ورادى', 2, 'هدرجة الزيوت و الشموع', 6, 2, 1, '20eabe5d64b0e216796e834f52d61fd0b70332fc', 4),
(1074, 1236, 'محمود عبد العزيز محمد عبد الحميد', 1, 42, 'مراقب تكرير هدرجة الزيت ورادى', 2, 'هدرجة الزيوت و الشموع', 6, 2, 1, '20eabe5d64b0e216796e834f52d61fd0b70332fc', 4),
(1075, 1237, 'محمود عبد الغفار محمود عبد الغفار', 1, 55, 'مساعد مراقب تكرير ورادى', 3, 'التغذية و التبريد و الترشيح و طلمبات الخلخلة', 5, 2, 1, '20eabe5d64b0e216796e834f52d61fd0b70332fc', 4),
(1076, 1238, 'محمد محمد عبد الله الفقى', 1, 36, 'رئيس عمال ورادى', 4, 'صب و تغليف الشموع', 6, 1, 1, '20eabe5d64b0e216796e834f52d61fd0b70332fc', 4),
(1077, 1239, 'محمد عبد الرحمن اسماعيل عبد الواحد', 1, 56, 'حرفى ورادى', 4, 'جلب العينات', 15, 1, 1, '20eabe5d64b0e216796e834f52d61fd0b70332fc', 4),
(1078, 1240, 'على محمود محمد على', 1, 55, 'مساعد مراقب تكرير ورادى', 3, 'الغلايات و المعالجة', 18, 2, 1, '20eabe5d64b0e216796e834f52d61fd0b70332fc', 4),
(1079, 1241, 'محمد عبد الحميد حسنين عبد المجيد', 1, 36, 'رئيس عمال ورادى', 4, 'الامن الميدانى', 8, 2, 1, '20eabe5d64b0e216796e834f52d61fd0b70332fc', 4),
(1080, 1242, 'حسام الدين متولى ابراهيم متولى', 1, 36, 'رئيس عمال ورادى', 4, 'الامن الميدانى', 8, 2, 1, '20eabe5d64b0e216796e834f52d61fd0b70332fc', 4),
(1081, 1243, 'احمد محمد السيد احمد', 1, 36, 'رئيس عمال ورادى', 4, 'الامن الميدانى', 8, 2, 1, '20eabe5d64b0e216796e834f52d61fd0b70332fc', 4),
(1082, 1244, 'محمود محمد جابر حجازى', 1, 36, 'رئيس عمال ورادى', 4, 'الامن الميدانى', 8, 2, 1, '20eabe5d64b0e216796e834f52d61fd0b70332fc', 4),
(1083, 1245, 'مجدى محمد مصدق محى الدين على', 1, 36, 'رئيس عمال ورادى', 4, 'الامن الميدانى', 8, 2, 1, '20eabe5d64b0e216796e834f52d61fd0b70332fc', 4),
(1084, 1246, 'باسنت نصر السيد أحمد سيد أحمد', 1, 45, 'مهندس ممتاز', 2, 'الحصر و المتابعة', 4, 1, 1, '20eabe5d64b0e216796e834f52d61fd0b70332fc', 4),
(1085, 1247, 'محمد احمد رفعت يوسف', 1, 48, 'أخصائى ممتاز', 2, 'خدمات العملاء', 10, 1, 1, '20eabe5d64b0e216796e834f52d61fd0b70332fc', 4),
(1086, 1248, 'اميرة رافت عبد العال راشد', 1, 45, 'مهندس ممتاز', 2, 'صيانة اجهزة التحكم الالى', 25, 1, 1, '20eabe5d64b0e216796e834f52d61fd0b70332fc', 4),
(1087, 1249, 'محمد ابراهيم السيد محمد جاد', 1, 45, 'مهندس ممتاز', 2, 'تنفيذ الاعمال المدنية', 14, 1, 1, '20eabe5d64b0e216796e834f52d61fd0b70332fc', 4),
(1088, 1250, 'ساره صفوت على موسى', 1, 48, 'أخصائى ممتاز', 2, 'التخطيط الاستراتيجى', 17, 1, 1, '20eabe5d64b0e216796e834f52d61fd0b70332fc', 4),
(1089, 1251, 'عماد عادل امين حسين محمود', 1, 48, 'أخصائى ممتاز', 2, 'نظم و تكنولوجيا المعلومات', 1, 1, 1, '20eabe5d64b0e216796e834f52d61fd0b70332fc', 4),
(1090, 1253, 'احمد اسماعيل عبد اللطيف محمد', 1, 57, 'مساعد محلل ورادى', 3, 'المراقبة المركزية ورادى', 15, 2, 1, '20eabe5d64b0e216796e834f52d61fd0b70332fc', 4),
(1091, 1254, 'عمرو فاروق محمود سعد', 1, 48, 'أخصائى ممتاز', 2, 'متابعة التشريعات العمالية', 20, 1, 1, 'e755ba86bb9557f316dc6add18749d5dbcc23133', 4),
(1092, 1255, 'احمد رافت محمد الشيخ', 1, 48, 'أخصائى ممتاز', 2, 'المزايا و التعويضات', 20, 1, 1, '20eabe5d64b0e216796e834f52d61fd0b70332fc', 4),
(1093, 1256, 'محمد على ماهر محمد على', 1, 45, 'مهندس ممتاز \" تكرارى \"', 2, 'صيانة الطلمبات و التربينات', 13, 1, 1, '20eabe5d64b0e216796e834f52d61fd0b70332fc', 4),
(1094, 1257, 'اسلام محمد عبد الغنى شحاته', 1, 50, 'محاسب ممتاز', 2, 'المشتريات المحلية', 22, 1, 1, '20eabe5d64b0e216796e834f52d61fd0b70332fc', 4),
(1095, 1258, 'محمد حسن احمد رشاد الشوباشى', 1, 48, 'أخصائى ممتاز', 2, 'مراقبة المخازن و تحديد الاحتياجات', 22, 1, 1, '20eabe5d64b0e216796e834f52d61fd0b70332fc', 4),
(1096, 1259, 'معتز بدوى محمد عيسى', 1, 58, 'فنى اجهزة الكترونية', 2, 'انظمة التحكم الالى', 25, 1, 1, '20eabe5d64b0e216796e834f52d61fd0b70332fc', 4),
(1097, 1260, 'محمد عبد المنعم محمود ابراهيم', 1, 54, 'مساعد فنى', 3, 'انظمة التحكم الالى', 25, 1, 1, '20eabe5d64b0e216796e834f52d61fd0b70332fc', 4),
(1098, 1261, 'محمد مجدى متولى بكير', 1, 59, 'مساعد فنى قيادة سيارات', 3, 'النقل', 4, 1, 1, '20eabe5d64b0e216796e834f52d61fd0b70332fc', 4),
(1099, 1262, 'اسلام عبد المجيد عيد خليل', 1, 45, 'مهندس ممتاز', 2, 'النقل', 4, 1, 1, '20eabe5d64b0e216796e834f52d61fd0b70332fc', 4),
(1100, 1263, 'محمد سامى سعد جمعة', 1, 45, 'مهندس ممتاز', 2, 'المكتب الهندسى', 4, 1, 1, '20eabe5d64b0e216796e834f52d61fd0b70332fc', 4),
(1101, 1264, 'بيشوى ميلاد زكى غالى', 1, 45, 'مهندس ممتاز', 2, 'التخطيط و برامج الصيانة cmms', 13, 1, 1, '20eabe5d64b0e216796e834f52d61fd0b70332fc', 4),
(1102, 1265, 'مصطفى احمد عبد الفتاح احمد بعيص', 1, 45, 'مهندس ممتاز \" تكرارى \"', 2, 'صيانة الاجهزة', 13, 1, 1, '20eabe5d64b0e216796e834f52d61fd0b70332fc', 4),
(1103, 1266, 'حسن رمضان عبد الفتاح حسن الحضرى', 1, 59, 'مساعد فنى قيادة سيارات', 3, 'النقل', 4, 1, 1, '20eabe5d64b0e216796e834f52d61fd0b70332fc', 4),
(1104, 1267, 'نهى عبود حنفي محمود معتوق', 1, 48, 'أخصائى ممتاز', 2, 'التسويق والمبيعات', 10, 1, 1, '20eabe5d64b0e216796e834f52d61fd0b70332fc', 4),
(1105, 1269, 'محمد حسن احمد محمود شلبى', 1, 60, 'تكنولوجى ممتاز', 2, 'دراسات تقييم الخامات و ترشيد الطاقة', 2, 1, 1, '20eabe5d64b0e216796e834f52d61fd0b70332fc', 4),
(1106, 1270, 'ابراهيم السيد محمد عمران', 1, 52, 'كيميائى ممتاز', 2, 'تاكيد الجودة', 23, 1, 1, '07f2a6f4a4385cd59e28ea40f8cca0e1964d2724', 4),
(1107, 1271, 'مروان مدحت شوقى سليمان', 1, 61, 'كيميائى أول', 2, 'تحاليل المنتجات و الناقلات', 15, 1, 1, '20eabe5d64b0e216796e834f52d61fd0b70332fc', 4),
(1108, 1272, 'محمود محمد شعبان احمد عثمان', 1, 48, 'أخصائى ممتاز', 2, 'الخدمات الادارية و الاجتماعية', 1, 1, 1, '20eabe5d64b0e216796e834f52d61fd0b70332fc', 4),
(1109, 1273, 'بسام محمد حسن صلاح الدين', 1, 52, 'كيميائى ممتاز', 2, 'الضواغط و استرجاع المذيب', 5, 1, 1, '20eabe5d64b0e216796e834f52d61fd0b70332fc', 4),
(1110, 1274, 'إبراهيم محمد سلطان إبراهيم حسن', 1, 48, 'أخصائى ممتاز', 2, 'شئون العاملين', 20, 1, 1, 'b7ed088190c204b31cd71484e6a1c538986b5f77', 4),
(1111, 1275, 'شريف محمد مجدى مصطفى محمد مكاوى', 1, 52, 'كيميائى ممتاز', 2, 'الغلايات و المعالجة', 18, 1, 1, '20eabe5d64b0e216796e834f52d61fd0b70332fc', 4),
(1112, 1276, 'سعيد السيد سعيد السيد حسن', 1, 60, 'تكنولوجى ممتاز', 2, 'التصميم التكنولوجى', 2, 1, 1, '20eabe5d64b0e216796e834f52d61fd0b70332fc', 4),
(1113, 1277, 'عماد حمدى السيد عبد القادر صالح', 1, 55, 'مساعد مراقب تكرير ورادى', 3, 'المرافق', 18, 1, 1, '20eabe5d64b0e216796e834f52d61fd0b70332fc', 4),
(1114, 1278, 'أحمد محمد جمعة على', 1, 48, 'أخصائى ممتاز', 2, 'شئون العاملين', 20, 1, 1, '20eabe5d64b0e216796e834f52d61fd0b70332fc', 4),
(1115, 1279, 'أحمد عبد المعطى سيد احمد خطاب', 1, 45, 'مهندس ممتاز', 2, 'تنفيذ المشروعات', 4, 1, 1, '20eabe5d64b0e216796e834f52d61fd0b70332fc', 4),
(1116, 1280, 'عمرو عبد الجابر محمود على', 1, 48, 'أخصائى ممتاز', 2, 'المشتريات المحلية', 22, 1, 1, '20eabe5d64b0e216796e834f52d61fd0b70332fc', 4),
(1117, 1281, 'هاشم جمال على جابر', 1, 48, 'أخصائى ممتاز', 2, 'الاتصالات الخارجية', 12, 1, 1, 'f7c3bc1d808e04732adf679965ccc34ca7ae3441', 4),
(1118, 1282, 'محمد محمد علاء الدين عبد الرحمن عتمان', 1, 48, 'أخصائى ممتاز', 2, 'العلاقات العامة', 1, 1, 1, '20eabe5d64b0e216796e834f52d61fd0b70332fc', 4),
(1119, 1284, 'محمد رضا قناوى حسين', 1, 52, 'كيميائى ممتاز', 2, 'تحاليل المنتجات و الناقلات', 15, 1, 1, '20eabe5d64b0e216796e834f52d61fd0b70332fc', 4),
(1120, 1285, 'رضا عوض دسوقى رمضان', 1, 59, 'مساعد فنى قيادة سيارات', 3, 'النقل', 4, 1, 1, '20eabe5d64b0e216796e834f52d61fd0b70332fc', 4),
(1121, 1286, 'احمد ابراهيم محمد محمد عاشور', 1, 62, 'مساعد ادارى سكرتارية', 3, 'مساعد رئيس الشركة للزيوت و الشموع', 0, 1, 1, '20eabe5d64b0e216796e834f52d61fd0b70332fc', 4),
(1122, 1287, 'عبد الحليم عزازى محمد احمد', 1, 49, 'مراقب ترحيلات ورادى', 2, 'حركة منتجات الشركة', 3, 1, 1, '20eabe5d64b0e216796e834f52d61fd0b70332fc', 4),
(1123, 1288, 'محمد مصطفى سليم قويدر', 1, 30, 'أخصائى أول', 2, 'مشتريات المواد البترولية', 10, 1, 1, '20eabe5d64b0e216796e834f52d61fd0b70332fc', 4),
(1124, 1289, 'نسرين حمدى محمد عبد الله', 1, 63, 'مهندس أول \" تكرارى \"', 2, 'تاكيد الجودة', 23, 1, 1, '20eabe5d64b0e216796e834f52d61fd0b70332fc', 4),
(1125, 1290, 'محمد ابراهيم رافت محمد ابراهيم', 1, 30, 'أخصائى أول', 2, 'التخطيط الاستراتيجى', 17, 1, 1, '89e79cd6bc2ad5ade3ffae5d0d11e7f4fd2e2d53', 4),
(1126, 1291, 'هانى عبد الرازق يوسف سعد', 1, 30, 'أخصائى أول', 2, 'المخازن', 22, 1, 1, '20eabe5d64b0e216796e834f52d61fd0b70332fc', 4),
(1127, 1292, 'يحيى محمد السيد محمد عبد الغفار الصردي', 1, 64, 'صيدلى أول', 2, 'علاج العاملين و اسرهم', 21, 1, 1, '20eabe5d64b0e216796e834f52d61fd0b70332fc', 4),
(1128, 1293, 'محمد مصطفى محمد حسن محمد', 1, 65, 'مراجع أول', 2, 'المراجعة', 1, 1, 1, '20eabe5d64b0e216796e834f52d61fd0b70332fc', 4),
(1129, 1294, 'احمد عبد العزيز عوض عبد القادر شوشة', 1, 55, 'مساعد مراقب تكريرهيدروجين ورادى', 3, 'انتاج الغازات و تفريغ الكيماويات و مستلزمات الانتاج', 6, 2, 1, '20eabe5d64b0e216796e834f52d61fd0b70332fc', 4),
(1130, 1295, 'احمد محمد احمد ابو زيد ابو سمره', 1, 55, 'مساعد مراقب تكرير ورادى', 3, 'هدرجة الزيوت و الشموع', 6, 2, 1, '20eabe5d64b0e216796e834f52d61fd0b70332fc', 4),
(1131, 1296, 'مصطفى جمال عبد الناصر احمد رجب', 1, 62, 'مساعد ادارى سكرتارية', 3, 'التقطير التفريغى وانتاج السولار', 9, 1, 1, '20eabe5d64b0e216796e834f52d61fd0b70332fc', 4),
(1132, 1297, 'عمرو عادل عبد القادر على ابراهيم', 1, 30, 'أخصائى أول', 2, 'تخطيط و متابعة البرامج التدريبية', 27, 1, 1, '20eabe5d64b0e216796e834f52d61fd0b70332fc', 4),
(1133, 1298, 'سارة عبد الرحمن ابراهيم عبد الرحمن', 1, 30, 'أخصائى أول', 2, 'تخطيط و متابعة البرامج التدريبية', 27, 1, 1, '20eabe5d64b0e216796e834f52d61fd0b70332fc', 4),
(1134, 1299, 'محمد السيد عبد الناصر مسعود', 1, 51, 'محاسب أول', 2, 'حسابات تعظيم انتاجية السولار و المنتجات الاخرى', 7, 1, 1, '20eabe5d64b0e216796e834f52d61fd0b70332fc', 4),
(1135, 1300, 'احمد عيد محمد حسن', 1, 66, 'عامل خدمات', 4, 'الصيانة و الخدمات المدنية', 14, 1, 1, '20eabe5d64b0e216796e834f52d61fd0b70332fc', 4),
(1136, 1301, 'احمد سليمان عبد السلام احمد', 1, 42, 'مراقب تكرير \" ورادى \"', 2, 'الضواغط و استرجاع المذيب', 5, 2, 1, '20eabe5d64b0e216796e834f52d61fd0b70332fc', 4),
(1137, 1302, 'مصطفى عبد ربه محمد عبد الواحد', 1, 55, 'مساعد مراقب تكرير ورادى', 3, 'الضواغط و استرجاع المذيب', 5, 2, 1, '20eabe5d64b0e216796e834f52d61fd0b70332fc', 4),
(1138, 1303, 'احمد يحيى عبد اللطيف احمد شرف', 1, 55, 'مساعد مراقب تكرير ورادى', 3, 'الغلايات و المعالجة', 18, 2, 1, '20eabe5d64b0e216796e834f52d61fd0b70332fc', 4),
(1139, 1304, 'محمد احمد محمد عقل على', 1, 55, 'مساعد مراقب تكرير ورادى', 3, 'المرافق', 18, 1, 1, '20eabe5d64b0e216796e834f52d61fd0b70332fc', 4),
(1140, 1305, 'محمد امام محمد امام', 1, 67, 'مساعد مراقب ترحيلات ورادى', 3, 'حركة مواد تغذية الشركة', 3, 1, 1, '20eabe5d64b0e216796e834f52d61fd0b70332fc', 4),
(1141, 1306, 'يوسف على يوسف القصاص', 1, 67, 'مساعد مراقب ترحيلات ورادى', 3, 'حركة مواد تغذية الشركة', 3, 1, 1, '20eabe5d64b0e216796e834f52d61fd0b70332fc', 4),
(1142, 1307, 'احمد صفوت عبده منصور سليمان', 1, 42, 'مراقب تكرير وحدة التحسين بالعامل المساعد ( ورادى )', 2, 'انتاج السولار', 9, 2, 1, '20eabe5d64b0e216796e834f52d61fd0b70332fc', 4),
(1143, 1308, 'عبد الصادق صبحى عبد القادر محمد الشوربجى', 1, 55, 'مساعد مراقب تكرير ورادى', 3, 'التقطير التفريغى', 9, 1, 1, '20eabe5d64b0e216796e834f52d61fd0b70332fc', 4),
(1144, 1309, 'كريم محمد السيد محمد سالم', 1, 30, 'أخصائى أول', 2, 'الخدمات الادارية و الاجتماعية', 1, 1, 1, '20eabe5d64b0e216796e834f52d61fd0b70332fc', 4),
(1145, 1310, 'احمد محمد مجدى حسين محمد', 1, 68, 'تكنولوجى أول', 2, 'دراسة المشروعات المستقبلية الجديدة و ازالة الاختناقات', 2, 1, 1, '20eabe5d64b0e216796e834f52d61fd0b70332fc', 4),
(1146, 1312, 'ميسرة ابراهيم شعبان ابراهيم', 1, 56, 'حرفى ورادى', 4, 'الامن الميدانى', 8, 2, 1, '20eabe5d64b0e216796e834f52d61fd0b70332fc', 4),
(1147, 1313, 'اسلام محمد محمد طه', 1, 36, 'رئيس عمال ورادى', 4, 'الامن الميدانى', 8, 2, 1, '20eabe5d64b0e216796e834f52d61fd0b70332fc', 4),
(1148, 1314, 'احمد نور الدين سعيد نور الدين', 1, 36, 'رئيس عمال ورادى', 4, 'الامن الميدانى', 8, 2, 1, '20eabe5d64b0e216796e834f52d61fd0b70332fc', 4),
(1149, 1315, 'اسلام حامد على حامد', 1, 56, 'حرفى ورادى', 4, 'الامن الميدانى', 8, 2, 1, '20eabe5d64b0e216796e834f52d61fd0b70332fc', 4),
(1150, 1316, 'محمد محمود ابراهيم محمود محمد', 1, 30, 'أخصائى أول', 2, 'التخطيط الاستراتيجى', 17, 1, 1, '20eabe5d64b0e216796e834f52d61fd0b70332fc', 4),
(1151, 1317, 'عمر عبد الرازق عبد السلام الكلبشاوى', 1, 63, 'مهندس أول', 2, 'صيانة اجهزة التحكم الالى', 25, 1, 1, '20eabe5d64b0e216796e834f52d61fd0b70332fc', 4),
(1152, 1318, 'مها خالد مصطفى محمد الغندقلي', 1, 51, 'محاسب أول', 2, 'حسابات الزيوت و الشموع و المنتجات الاخرى', 7, 1, 1, '20eabe5d64b0e216796e834f52d61fd0b70332fc', 4),
(1153, 1319, 'محمد احمد شندى عبد العاطى', 1, 56, 'حرفى ورادى', 4, 'صب و تغليف الشموع', 6, 1, 1, '20eabe5d64b0e216796e834f52d61fd0b70332fc', 4),
(1154, 1320, 'اسلام على احمد عبد القادر', 1, 67, 'مساعد مراقب ترحيلات ورادى', 3, 'حركة مواد تغذية الشركة', 3, 1, 1, '20eabe5d64b0e216796e834f52d61fd0b70332fc', 4),
(1155, 1321, 'احمد سامى فتحى محمد الخراشى', 1, 69, 'محامى أول', 2, 'التحقيقات و الشكاوى و الفتاوى', 28, 1, 1, '20eabe5d64b0e216796e834f52d61fd0b70332fc', 4),
(1156, 1322, 'سارة احمد على احمد الشافعى', 1, 61, 'كيميائى أول', 2, 'تحاليل المنتجات و الناقلات', 15, 1, 1, '20eabe5d64b0e216796e834f52d61fd0b70332fc', 4),
(1157, 1323, 'دينا حسام الدين زكى عبده', 1, 70, 'كيميائى', 2, 'تاكيد الجودة', 23, 1, 1, '20eabe5d64b0e216796e834f52d61fd0b70332fc', 4),
(1158, 1324, 'منار وجدى جابر عبد النبى موافى', 1, 30, 'أخصائى أول \" تكرارى \"', 2, 'علاج العاملين و اسرهم', 21, 1, 1, '20eabe5d64b0e216796e834f52d61fd0b70332fc', 4),
(1159, 1325, 'صبرى موسى على سليمان محجوب', 1, 63, 'مهندس أول', 2, 'التخطيط و برامج الصيانة cmms', 13, 1, 1, '20eabe5d64b0e216796e834f52d61fd0b70332fc', 4),
(1160, 1326, 'منة الله فكرى محمد حسن حسنين', 1, 65, 'مراجع أول \" تكرارى \"', 2, 'المراجعة', 1, 1, 1, '20eabe5d64b0e216796e834f52d61fd0b70332fc', 4),
(1161, 1327, 'محمد فتحى عبد الفضيل عبد الله', 1, 56, 'حرفى ورادى', 4, 'صب و تغليف الشموع', 6, 1, 1, '20eabe5d64b0e216796e834f52d61fd0b70332fc', 4),
(1162, 1328, 'احمد محمد احمد صديق', 1, 56, 'حرفى ورادى', 4, 'صب و تغليف الشموع', 6, 1, 1, '20eabe5d64b0e216796e834f52d61fd0b70332fc', 4),
(1163, 1329, 'محمد محمود محمد غانم', 1, 62, 'مساعد ادارى سكرتارية', 3, 'الهندسة الكهربائية', 19, 1, 1, '20eabe5d64b0e216796e834f52d61fd0b70332fc', 4),
(1164, 1330, 'محمد صلاح الدين محمد احمد', 1, 56, 'حرفى', 4, 'جلب العينات', 15, 1, 1, '20eabe5d64b0e216796e834f52d61fd0b70332fc', 4),
(1165, 1331, 'محمد جمال محمد صقر', 1, 56, 'حرفى', 4, 'جلب العينات', 15, 1, 1, '20eabe5d64b0e216796e834f52d61fd0b70332fc', 4),
(1166, 1332, 'صلاح سعيد فضل عبد المولى', 1, 56, 'حرفى ورادى', 4, 'صب و تغليف الشموع', 6, 1, 1, '20eabe5d64b0e216796e834f52d61fd0b70332fc', 4),
(1167, 1333, 'احمد حامد عبد العزيز البهنساوى', 1, 56, 'حرفى ورادى', 4, 'صب و تغليف الشموع', 6, 1, 1, '20eabe5d64b0e216796e834f52d61fd0b70332fc', 4),
(1168, 1334, 'عبد المنعم محمود عبد المنعم محمد', 1, 56, 'حرفى ورادى', 4, 'صب و تغليف الشموع', 6, 1, 1, '20eabe5d64b0e216796e834f52d61fd0b70332fc', 4),
(1169, 1335, 'رامى احمد عبد الرازق شحاته', 1, 56, 'حرفى ورادى', 4, 'صب و تغليف الشموع', 6, 1, 1, '20eabe5d64b0e216796e834f52d61fd0b70332fc', 4),
(1170, 1336, 'سامح محمد صلاح الدين وحيد', 1, 56, 'حرفى ورادى', 4, 'صب و تغليف الشموع', 6, 1, 1, '20eabe5d64b0e216796e834f52d61fd0b70332fc', 4),
(1171, 1337, 'عبد الله محمد عبد الحميد محمد زيدان', 1, 69, 'محامى أول', 2, 'القضايا و العقود و متابعة تنفيذ الاحكام', 28, 1, 1, '20eabe5d64b0e216796e834f52d61fd0b70332fc', 4),
(1172, 1338, 'علاء رمضان الشرنوبى محمد', 1, 62, 'مساعد ادارى سكرتارية', 3, 'التدريب و تنمية الموارد البشرية', 27, 1, 1, '20eabe5d64b0e216796e834f52d61fd0b70332fc', 4),
(1173, 1339, 'عمرو محمد موسى والى', 1, 67, 'مساعد مراقب ترحيلات ورادى', 3, 'حركة مواد تغذية الشركة', 3, 1, 1, '20eabe5d64b0e216796e834f52d61fd0b70332fc', 4),
(1174, 1340, 'محمود محمد سيد محمود عمر', 1, 62, 'مساعد ادارى', 3, 'الاستحقاقات', 20, 1, 1, '15f6980efe0b023badf47e2f5a7788c6c26923ce', 4),
(1175, 1341, 'منه الله حسام الدين محمد نظير عبد الرحيم', 1, 65, 'مراجع أول \" تكرارى \"', 2, 'المراجعة', 1, 1, 1, '20eabe5d64b0e216796e834f52d61fd0b70332fc', 4),
(1176, 1342, 'احمد خميس حسن أحمد معروف', 1, 63, 'مهندس أول', 2, 'الغلايات و المعالجة', 18, 1, 1, '20eabe5d64b0e216796e834f52d61fd0b70332fc', 4),
(1177, 1343, 'احمد شريف محمد سعد الدباش', 1, 63, 'مهندس أول', 2, 'صيانة المعدات الدواره و التبريد و التكييف', 13, 1, 1, '20eabe5d64b0e216796e834f52d61fd0b70332fc', 4);
INSERT INTO `t_data` (`ID`, `emp_code`, `emp_name`, `contract_type`, `id_job`, `desc_job`, `level_id`, `management`, `g_management_id`, `day_night`, `active`, `Password`, `id_userGroup`) VALUES
(1178, 1344, 'ايمن مفيد جودة محمد زايد شريف', 1, 63, 'مهندس أول', 2, 'صيانة الطلمبات و التربينات', 13, 1, 1, '20eabe5d64b0e216796e834f52d61fd0b70332fc', 4),
(1179, 1345, 'حازم جلال كامل مصباح', 1, 45, 'مهندس ممتاز', 2, 'التفتيش الهندسى', 4, 1, 1, '20eabe5d64b0e216796e834f52d61fd0b70332fc', 4),
(1180, 1346, 'صلاح على صلاح احمد مكاوى', 1, 54, 'مساعد فنى', 3, 'صيانة اجهزة التحكم الالى', 25, 1, 1, '20eabe5d64b0e216796e834f52d61fd0b70332fc', 4),
(1181, 1347, 'عادل همام على عبد اللاه', 1, 71, 'ممرض ورادى', 3, 'الشئون الطبية', 21, 1, 1, '20eabe5d64b0e216796e834f52d61fd0b70332fc', 4),
(1182, 1348, 'محمود جمال محمد احمد', 1, 56, 'حرفى', 4, 'الخدمات الادارية و الاجتماعية', 1, 1, 1, '20eabe5d64b0e216796e834f52d61fd0b70332fc', 4),
(1183, 1349, 'احمد محمد العربى جعفر نصر ابراهيم', 1, 11, 'ملاحظ', 3, 'الاستحقاقات', 20, 1, 1, '20eabe5d64b0e216796e834f52d61fd0b70332fc', 4),
(1184, 1350, 'احمد محمود السيد احمد', 1, 56, 'حرفى ورادى', 4, 'صب و تغليف الشموع', 6, 1, 1, '20eabe5d64b0e216796e834f52d61fd0b70332fc', 4),
(1185, 1351, 'احمد فتح الله محمد محمد الجمال', 1, 62, 'مساعد ادارى سكرتارية', 3, 'متابعة انشطة التشغيل و تاكيد الجودة', 23, 1, 1, '20eabe5d64b0e216796e834f52d61fd0b70332fc', 4),
(1186, 1352, 'محمد منصور محمد عوض سالم', 1, 62, 'مساعد ادارى', 3, 'المشتريات المحلية', 22, 1, 1, '20eabe5d64b0e216796e834f52d61fd0b70332fc', 4),
(1187, 1353, 'خالد رافت عبد الوهاب محمد', 1, 56, 'حرفى ورادى', 4, 'صب و تغليف الشموع', 6, 1, 1, '20eabe5d64b0e216796e834f52d61fd0b70332fc', 4),
(1188, 1354, 'تامر سعد حسن على', 1, 56, 'حرفى ورادى', 4, 'صب و تغليف الشموع', 6, 1, 1, '20eabe5d64b0e216796e834f52d61fd0b70332fc', 4),
(1189, 1355, 'مصطفى محمد على عمارة', 1, 56, 'حرفى ورادى', 4, 'صب و تغليف الشموع', 6, 1, 1, '20eabe5d64b0e216796e834f52d61fd0b70332fc', 4),
(1190, 1356, 'احمد محمد احمد حسين', 1, 56, 'حرفى', 4, 'جلب العينات', 15, 1, 1, '20eabe5d64b0e216796e834f52d61fd0b70332fc', 4),
(1191, 1357, 'محمد حاتم محمد حسن', 1, 56, 'حرفى ورادى', 4, 'صب و تغليف الشموع', 6, 1, 1, '20eabe5d64b0e216796e834f52d61fd0b70332fc', 4),
(1192, 1358, 'احمد خليفة السيد عمر', 1, 56, 'حرفى ورادى', 4, 'صب و تغليف الشموع', 6, 1, 1, '20eabe5d64b0e216796e834f52d61fd0b70332fc', 4),
(1193, 1359, 'سامح مرجان اسحق تادرس', 1, 56, 'حرفى ورادى', 4, 'صب و تغليف الشموع', 6, 1, 1, '20eabe5d64b0e216796e834f52d61fd0b70332fc', 4),
(1194, 1360, 'محمد محمود حافظ حسن على', 1, 56, 'حرفى', 4, 'جلب العينات', 15, 1, 1, '20eabe5d64b0e216796e834f52d61fd0b70332fc', 4),
(1195, 1361, 'ابراهيم حسن على حسن عبد النبى', 1, 56, 'حرفى ورادى', 4, 'صب و تغليف الشموع', 6, 1, 1, '20eabe5d64b0e216796e834f52d61fd0b70332fc', 4),
(1196, 1362, 'محمد احمد مختار محمد طرابيه', 1, 63, 'مهندس أول', 2, 'المرافق', 18, 1, 1, '20eabe5d64b0e216796e834f52d61fd0b70332fc', 4),
(1197, 1363, 'لؤى فتحى محمد عيد', 1, 30, 'أخصائى أول', 2, 'برامج التشغيل', 3, 1, 1, '20eabe5d64b0e216796e834f52d61fd0b70332fc', 4),
(1198, 1364, 'هايدى عوض ابو هلب عامر سليمان', 1, 30, 'أخصائى أول', 2, 'التدريب الداخلى', 27, 1, 1, '20eabe5d64b0e216796e834f52d61fd0b70332fc', 4),
(1199, 1365, 'احمد فتحى السعيد احمد البيلى', 1, 63, 'مهندس أول', 2, 'التفتيش الهندسى', 4, 1, 1, '20eabe5d64b0e216796e834f52d61fd0b70332fc', 4),
(1200, 1366, 'محمد انور محمد عطيه يونس', 1, 7, 'رئيس قسم الطب العلاجى', 2, 'الشئون الطبية', 21, 1, 1, '20eabe5d64b0e216796e834f52d61fd0b70332fc', 1),
(1201, 1367, 'محمد زكريا شكرى عامر محمد', 1, 72, 'مختبر', 3, 'تحاليل المنتجات و الناقلات', 15, 1, 1, '20eabe5d64b0e216796e834f52d61fd0b70332fc', 4),
(1202, 1368, 'سوزان احمد عبد الحليم محمد مبروك', 1, 72, 'مختبر', 3, 'تحاليل المنتجات و الناقلات', 15, 1, 1, '20eabe5d64b0e216796e834f52d61fd0b70332fc', 4),
(1203, 1369, 'احمد محمد محمود بسيونى وهدان', 1, 72, 'مختبر', 3, 'تحاليل المياه و الغازات و البيئة', 15, 1, 1, '20eabe5d64b0e216796e834f52d61fd0b70332fc', 4),
(1204, 1370, 'احمد حنفى ابراهيم محمود راشد', 1, 72, 'مختبر', 3, 'تحاليل المياه و الغازات و البيئة', 15, 1, 1, '20eabe5d64b0e216796e834f52d61fd0b70332fc', 4),
(1205, 1371, 'محمد حسين عيداروس عبد الرحمن', 1, 72, 'مختبر', 3, 'تحاليل المياه و الغازات و البيئة', 15, 1, 1, '20eabe5d64b0e216796e834f52d61fd0b70332fc', 4),
(1206, 1372, 'اسراء محمد عبد الهادى عبد الله عبد الهادى', 1, 73, 'كاتب \" تكرارى \"', 3, 'السجلات و الملفات الطبية', 21, 1, 1, '20eabe5d64b0e216796e834f52d61fd0b70332fc', 4),
(1207, 1373, 'حازم فتحى محمد احمد على', 1, 72, 'مختبر', 3, 'تحاليل المياه و الغازات و البيئة', 15, 1, 1, '20eabe5d64b0e216796e834f52d61fd0b70332fc', 4),
(1208, 1374, 'سمر إبراهيم رجب أحمد محمد حمادة', 1, 73, 'كاتب', 3, 'سكرتارية رئيس مجلس الادارة و العضو المنتدب', 11, 1, 1, '20eabe5d64b0e216796e834f52d61fd0b70332fc', 4),
(1209, 1375, 'محمد عبد الحميد محمد عبد الحميد فرج', 1, 72, 'مختبر', 3, 'تحاليل المنتجات و الناقلات', 15, 1, 1, '20eabe5d64b0e216796e834f52d61fd0b70332fc', 4),
(1210, 1376, 'عادل فرج امام سرور', 1, 63, 'مهندس أول', 2, 'التغذية و التبريد و الترشيح و طلمبات الخلخلة', 5, 1, 1, '20eabe5d64b0e216796e834f52d61fd0b70332fc', 4),
(1211, 1377, 'طارق مرسي محمد ابراهيم الجعبيرى', 1, 63, 'مهندس أول', 2, 'انتاج السولار', 9, 1, 1, '20eabe5d64b0e216796e834f52d61fd0b70332fc', 4),
(1212, 1378, 'اميره يحيى سالم على سالم', 1, 30, 'أخصائى أول', 2, 'المشتريات الخارجية', 22, 1, 1, '20eabe5d64b0e216796e834f52d61fd0b70332fc', 4),
(1213, 1379, 'ساندى سامي عبد اللطيف عبد الله همام', 1, 64, 'صيدلى أول \" تكرارى \"', 2, 'علاج العاملين و اسرهم', 21, 1, 1, '20eabe5d64b0e216796e834f52d61fd0b70332fc', 4),
(1214, 1380, 'رانيا عوض السيد طه فرج', 1, 30, 'أخصائى أول', 2, 'التنظيم و توصيف الوظائف', 26, 1, 1, '20eabe5d64b0e216796e834f52d61fd0b70332fc', 4),
(1215, 1381, 'محمد عوض محمد عوض', 1, 63, 'مهندس أول', 2, 'التقطير التفريغى', 9, 1, 1, '20eabe5d64b0e216796e834f52d61fd0b70332fc', 4),
(1216, 1382, 'مصطفى صبرى مصطفى النزهى', 1, 72, 'مختبر ورادى', 3, 'المراقبة المركزية ورادى', 15, 2, 1, '20eabe5d64b0e216796e834f52d61fd0b70332fc', 4),
(1217, 1383, 'احمد محمد صلاح سيد احمد البياع', 1, 63, 'مهندس أول \" تكرارى \"', 2, 'صيانة اجهزة التحكم الالى', 25, 1, 1, '20eabe5d64b0e216796e834f52d61fd0b70332fc', 4),
(1218, 1384, 'محمود محمد احمد شمروخ', 1, 69, 'محامى أول', 2, 'القضايا و العقود و متابعة تنفيذ الاحكام', 28, 1, 1, '20eabe5d64b0e216796e834f52d61fd0b70332fc', 4),
(1219, 1385, 'كريم محمد ثابت محمد ابو زيد', 1, 30, 'أخصائى أول', 2, 'الاستحقاقات', 20, 1, 1, '7c222fb2927d828af22f592134e8932480637c0d', 3),
(1220, 1386, 'اسراء حسن محمد عمر حسنين', 1, 30, 'أخصائى أول', 2, 'المشتريات الخارجية', 22, 1, 1, '20eabe5d64b0e216796e834f52d61fd0b70332fc', 4),
(1221, 1387, 'علاء هشام عبد الجيد فرحات', 1, 30, 'أخصائى أول \" تكرارى \"', 2, 'العلاقات العامة', 1, 1, 1, '20eabe5d64b0e216796e834f52d61fd0b70332fc', 4),
(1222, 1388, 'احمد مجدى عبد العزيز احمد', 1, 63, 'مهندس أول \" تكرارى \"', 2, 'تاكيد الجودة', 23, 1, 1, '20eabe5d64b0e216796e834f52d61fd0b70332fc', 4),
(1223, 1389, 'احمد عبد الباسط ابراهيم عبد الحميد', 1, 74, 'مشغل معدات اطفاء ورادى', 3, 'مكافحة الحريق و تقليل الخسائر', 16, 2, 1, '20eabe5d64b0e216796e834f52d61fd0b70332fc', 4),
(1224, 1390, 'محمد عيسى محمد السيد', 1, 62, 'مساعد ادارى', 3, 'شئون العاملين', 20, 1, 1, '4c229ec798959b15605dd987748df78de8dd071a', 4),
(1225, 1391, 'كريم احمد عبد الحميد فوده', 1, 30, 'أخصائى أول', 2, 'نظم و تكنولوجيا المعلومات', 1, 1, 1, '3128e48cd4cf0470f52b60fe8b50335d53afc2a3', 4),
(1226, 1392, 'صادق عبد الناصر محمد عوض', 1, 72, 'مختبر', 3, 'تحاليل المنتجات و الناقلات', 15, 1, 1, '20eabe5d64b0e216796e834f52d61fd0b70332fc', 4),
(1227, 1393, 'عماد الدين على عمر سليمان رشوان', 1, 55, 'مساعد مراقب تكرير ورادى', 3, 'الغلايات و المعالجة', 18, 2, 1, '20eabe5d64b0e216796e834f52d61fd0b70332fc', 4),
(1228, 1394, 'احمد فايز محمد محمد', 1, 74, 'مشغل معدات اطفاء ورادى', 3, 'مكافحة الحريق و تقليل الخسائر', 16, 2, 1, '20eabe5d64b0e216796e834f52d61fd0b70332fc', 4),
(1229, 1395, 'نورهان سامى صبحى مصطفى غانم', 1, 30, 'أخصائى أول \" تكرارى \"', 2, 'الاستحقاقات', 20, 1, 1, '5874f0afdd43d1b20a312c96bf8366bf43abf1df', 4),
(1230, 1396, 'محمد فوزى أحمد الشامى', 1, 63, 'مهندس أول', 2, 'صيانة المعدات الدواره و التبريد و التكييف', 13, 1, 1, '20eabe5d64b0e216796e834f52d61fd0b70332fc', 4),
(1231, 1397, 'شريف مدحت خليل الشافعى', 1, 63, 'مهندس أول \" تكرارى \"', 2, 'التقطير التفريغى', 9, 1, 1, '20eabe5d64b0e216796e834f52d61fd0b70332fc', 4),
(1232, 1398, 'سامى محمد ابو الروح طه', 1, 30, 'أخصائى أول \" تكرارى \"', 2, 'تخطيط و متابعة البرامج التدريبية', 27, 1, 1, '20eabe5d64b0e216796e834f52d61fd0b70332fc', 4),
(1233, 1399, 'محمد جمال ابراهيم احمد محمد', 1, 51, 'محاسب أول', 2, 'التحليل المالى و الضرائب', 7, 1, 1, '20eabe5d64b0e216796e834f52d61fd0b70332fc', 4),
(1234, 1400, 'محمد عبد الرحمن ابراهيم عبد الرحمن', 1, 63, 'مهندس أول', 2, 'نظم و تكنولوجيا المعلومات', 1, 1, 1, '6b5b0698670e8ef98a8e62505bbf23814456c215', 4),
(1235, 1401, 'احمد محمد ابراهيم السيد محمد', 1, 30, 'أخصائى أول', 2, 'تخطيط الموارد البشرية', 26, 1, 1, '20eabe5d64b0e216796e834f52d61fd0b70332fc', 4),
(1236, 1402, 'امير سعيد رزق شهاوى الديب', 1, 73, 'كاتب', 3, 'المزايا و التعويضات', 20, 1, 1, '20eabe5d64b0e216796e834f52d61fd0b70332fc', 4),
(1237, 1403, 'محمد شعبان عبد السميع محمد عمر', 1, 75, 'عامل صيانة', 3, 'صيانة الاجهزة', 13, 1, 1, '20eabe5d64b0e216796e834f52d61fd0b70332fc', 4),
(1238, 1404, 'عماد عبد العزيز عطيه محمد حماده', 1, 66, 'عامل خدمات', 4, 'الخدمات الادارية و الاجتماعية', 1, 1, 1, '20eabe5d64b0e216796e834f52d61fd0b70332fc', 4),
(1239, 1405, 'عبد الحميد اسامة عبد الحميد محمد أحمد مجاهد', 1, 76, 'مشغل اجهزة ورادى', 3, 'حركة مواد تغذية الشركة', 3, 1, 1, '20eabe5d64b0e216796e834f52d61fd0b70332fc', 4),
(1240, 1406, 'محمد محمد عبده عبد المجيد ابو هديبه', 1, 66, 'عامل خدمات', 4, 'الخدمات الادارية و الاجتماعية', 1, 1, 1, '20eabe5d64b0e216796e834f52d61fd0b70332fc', 4),
(1241, 1407, 'محمد السيد بدر سيد احمد', 1, 77, 'مساعد رسام انشائى', 3, 'المكتب الهندسى', 4, 1, 1, '20eabe5d64b0e216796e834f52d61fd0b70332fc', 4),
(1242, 1408, 'شعبان عبد العال محمد عبد العال سمك', 1, 55, 'مساعد مراقب تكرير ورادى', 3, 'الضواغط و استرجاع المذيب', 5, 2, 1, '20eabe5d64b0e216796e834f52d61fd0b70332fc', 4),
(1243, 1409, 'رامى عباس محمد السيد البنا', 1, 54, 'مساعد فنى ورادى', 3, 'المحطات الكهربائية', 19, 2, 1, '20eabe5d64b0e216796e834f52d61fd0b70332fc', 4),
(1244, 1410, 'محمد ابراهيم محمد رمضان', 1, 54, 'مساعد فنى', 3, 'صيانة اجهزة التحكم الالى', 25, 1, 1, '20eabe5d64b0e216796e834f52d61fd0b70332fc', 4),
(1245, 1411, 'هانى سامى رمضان طبيخه', 1, 54, 'مساعد فنى ورادى', 3, 'المحطات الكهربائية', 19, 2, 1, '20eabe5d64b0e216796e834f52d61fd0b70332fc', 4),
(1246, 1412, 'احمد الشربينى يس أمين عبد الله', 1, 72, 'مختبر \" تكرارى \"', 3, 'تحاليل المنتجات و الناقلات', 15, 1, 1, '20eabe5d64b0e216796e834f52d61fd0b70332fc', 4),
(1247, 1413, 'محمود عبد المحسن حسن قاسم', 1, 54, 'مساعد فنى ورادى', 3, 'المحطات الكهربائية', 19, 2, 1, '20eabe5d64b0e216796e834f52d61fd0b70332fc', 4),
(1248, 1414, 'دعاء ممدوح عبد القادر عبد اللطيف شرف', 1, 51, 'محاسب أول', 2, 'الموازنة والتكاليف', 7, 1, 1, '20eabe5d64b0e216796e834f52d61fd0b70332fc', 4),
(1249, 1415, 'اميره عمرو علي علي سعيد', 1, 51, 'محاسب أول', 2, 'علاج العاملين و اسرهم', 21, 1, 1, '20eabe5d64b0e216796e834f52d61fd0b70332fc', 4),
(1250, 1416, 'احمد مرسى انور مرسى', 1, 30, 'أخصائى أول', 2, 'سكرتارية شئون مجلس الإدارة', 11, 1, 1, '20eabe5d64b0e216796e834f52d61fd0b70332fc', 4),
(1251, 1417, 'مؤمن محمد عبد الفتاح محمد', 1, 30, 'أخصائى أول', 2, 'الاستحقاقات', 20, 1, 1, '1dfb9c76a72148ace5ec4d9ac6f9d062fb133fd9', 4),
(1252, 1418, 'محمد عادل حسن الزنارى', 1, 30, 'أخصائى تفتيش وقائى أول', 2, 'التفتيش الوقائى و السلامة و الصحة المهنية', 16, 1, 1, '20eabe5d64b0e216796e834f52d61fd0b70332fc', 4),
(1253, 1419, 'محمد عبد الحكيم محمد السيد العزب', 1, 65, 'مراجع أول', 2, 'المراجعة', 1, 1, 1, '20eabe5d64b0e216796e834f52d61fd0b70332fc', 4),
(1254, 1420, 'ابراهيم محمد محروس بلتاجى', 1, 73, 'كاتب ورادى', 3, 'الاستحقاقات', 20, 1, 1, '0b673036e8ead79627da424c2a7b843a498d61a1', 4),
(1255, 1421, 'زكريا محمد عبده ابو هديبة', 1, 66, 'عامل خدمات \" تكرارى \"', 4, 'الصيانة و الخدمات المدنية', 14, 1, 1, '20eabe5d64b0e216796e834f52d61fd0b70332fc', 4),
(1256, 1422, 'محمد حمدى احمد رفاعى على', 1, 78, 'مندوب مشتريات', 3, 'المشتريات المحلية', 22, 1, 1, '20eabe5d64b0e216796e834f52d61fd0b70332fc', 4),
(1257, 1423, 'فهد محمد الغريب احمد', 1, 73, 'كاتب', 3, 'شئون العاملين', 20, 1, 1, 'dac975e1ca958417bfb19e06f00b1d1e566f3f22', 4),
(1258, 1424, 'عمر على عمر عبد الحافظ عمر', 1, 76, 'مشغل اجهزة ورادى', 3, 'المرافق', 18, 1, 1, '20eabe5d64b0e216796e834f52d61fd0b70332fc', 4),
(1259, 1425, 'محمد عبد الفتاح عبد الرازق محمد سويدان', 1, 72, 'مختبر ورادى', 3, 'المراقبة المركزية ورادى', 15, 2, 1, '20eabe5d64b0e216796e834f52d61fd0b70332fc', 4),
(1260, 1426, 'محمود احمد السيد عمر عبد الكريم', 1, 79, 'امين مخزن', 3, 'المخازن', 22, 1, 1, '20eabe5d64b0e216796e834f52d61fd0b70332fc', 4),
(1261, 1427, 'محمد ابراهيم ابراهيم بن', 1, 76, 'مشغل اجهزة ورادى', 3, 'حركة مواد تغذية الشركة', 3, 1, 1, '20eabe5d64b0e216796e834f52d61fd0b70332fc', 4),
(1262, 1428, 'مصطفى محمود سامى شريف', 1, 80, 'مهندس', 2, 'التخطيط و برامج الصيانة cmms', 13, 1, 1, '20eabe5d64b0e216796e834f52d61fd0b70332fc', 4),
(1263, 1429, 'احمد هشام احمد محمد شلبى', 1, 81, 'محاسب', 2, 'الحسابات', 7, 1, 1, '20eabe5d64b0e216796e834f52d61fd0b70332fc', 4),
(1264, 1430, 'مصطفى حربى اسماعيل محمد قاسم', 1, 80, 'مهندس', 2, 'صيانة الاجهزة', 13, 1, 1, '20eabe5d64b0e216796e834f52d61fd0b70332fc', 4),
(1265, 1431, 'خالد احمد عبد العظيم الشريف', 1, 80, 'مهندس ورادى', 2, 'صيانة اجهزة التحكم الالى', 25, 1, 1, '20eabe5d64b0e216796e834f52d61fd0b70332fc', 4),
(1266, 1432, 'احمد اسامة احمد عبد القادر خطاب', 1, 70, 'كيميائى', 2, 'تحاليل المياه و الغازات و البيئة', 15, 1, 1, '20eabe5d64b0e216796e834f52d61fd0b70332fc', 4),
(1267, 1434, 'احمد السيد مسعود مهيا', 1, 70, 'كيميائى', 2, 'تحاليل المياه و الغازات و البيئة', 15, 1, 1, '20eabe5d64b0e216796e834f52d61fd0b70332fc', 4),
(1268, 1435, 'محمد عبد الحق ابراهيم النجار', 1, 26, 'أخصائى', 2, 'تاكيد الجودة', 23, 1, 1, '20eabe5d64b0e216796e834f52d61fd0b70332fc', 4),
(1269, 1436, 'احمد عادل احمد حماد', 1, 80, 'مهندس', 2, 'نظم و تكنولوجيا المعلومات', 1, 1, 1, 'f8c1d77b7fbb7d160220f85995861f9361d7a353', 4),
(1270, 1437, 'احمد مدحت احمد عبد الدايم عليان', 1, 81, 'محاسب', 2, 'حسابات الزيوت و الشموع و المنتجات الاخرى', 7, 1, 1, '20eabe5d64b0e216796e834f52d61fd0b70332fc', 4),
(1271, 1438, 'مصطفى خالد عبد الرؤف عزام', 1, 70, 'كيميائى', 2, 'الاستثمار و الدراسات الفنية و الاقتصادية', 17, 1, 1, '20eabe5d64b0e216796e834f52d61fd0b70332fc', 4),
(1272, 1439, 'عمر محمود محمد على عبد الفتاح', 1, 80, 'مهندس ورادى', 2, 'صيانة اجهزة التحكم الالى', 25, 1, 1, '20eabe5d64b0e216796e834f52d61fd0b70332fc', 4),
(1273, 1440, 'نهى محمد رمضان داود سليمان', 1, 26, 'أخصائى', 2, 'الخدمات الادارية و الاجتماعية', 1, 1, 1, '20eabe5d64b0e216796e834f52d61fd0b70332fc', 4),
(1274, 1441, 'محمد سعد شعبان محمد', 1, 70, 'كيميائى \" تكرارى \"', 2, 'تاكيد الجودة', 23, 1, 1, '20eabe5d64b0e216796e834f52d61fd0b70332fc', 4),
(1275, 1442, 'مهاب محمد محمد عبد العزيز يوسف', 1, 81, 'محاسب', 2, 'الحسابات', 7, 1, 1, '20eabe5d64b0e216796e834f52d61fd0b70332fc', 4),
(1276, 1443, 'اسامه ابراهيم على محمد المصرى', 1, 82, 'عامل خدمات معملية', 4, 'جلب العينات', 15, 1, 1, '20eabe5d64b0e216796e834f52d61fd0b70332fc', 4),
(1277, 1444, 'مصطفى حسن محمد يعقوب', 1, 76, 'مشغل اجهزة ورادى', 3, 'انتاج السولار', 9, 2, 1, '20eabe5d64b0e216796e834f52d61fd0b70332fc', 4),
(1278, 1445, 'محمد مكرم ابراهيم محمد', 1, 83, 'كهربائى ورادى', 3, 'المحطات الكهربائية', 19, 2, 1, '20eabe5d64b0e216796e834f52d61fd0b70332fc', 4),
(1279, 1446, 'احمد محمود احمد حسان', 1, 82, 'عامل خدمات معملية', 4, 'جلب العينات', 15, 1, 1, '20eabe5d64b0e216796e834f52d61fd0b70332fc', 4),
(1280, 1447, 'محمد عباس عبد الرحمن عبد الحميد', 1, 84, 'مشغل اجهزة الكترونية', 3, 'نظم و تكنولوجيا المعلومات', 1, 1, 1, '20eabe5d64b0e216796e834f52d61fd0b70332fc', 4),
(1281, 1448, 'باسم مرتضى على السيد', 1, 85, 'عامل صيانة و انشاءات', 3, 'تنفيذ الاعمال المدنية', 14, 1, 1, '20eabe5d64b0e216796e834f52d61fd0b70332fc', 4),
(1282, 1449, 'جابر السيد عبد المنعم احمد', 1, 86, 'سائق ونش ورادى', 3, 'حركة منتجات الشركة', 3, 1, 1, '20eabe5d64b0e216796e834f52d61fd0b70332fc', 4),
(1283, 1450, 'احمد عبد العزيز عوض عبد الوهاب وهدان', 1, 80, 'مهندس', 2, 'المكتب الهندسى', 4, 1, 1, '20eabe5d64b0e216796e834f52d61fd0b70332fc', 4),
(1284, 1451, 'مها احمد عبد العزيز محمود', 1, 26, 'أخصائى', 2, 'علاقات المستثمرين', 17, 1, 1, '20eabe5d64b0e216796e834f52d61fd0b70332fc', 4),
(1285, 1452, 'احمد عزت عبد العال على عبد المقصود', 1, 80, 'مهندس ورادى', 2, 'انتاج الغازات و تفريغ الكيماويات و مستلزمات الانتاج', 6, 2, 1, '20eabe5d64b0e216796e834f52d61fd0b70332fc', 4),
(1286, 1453, 'محمد لطفى عبد الرحيم الراوى', 1, 80, 'مهندس', 2, 'تاكيد الجودة', 23, 1, 1, '20eabe5d64b0e216796e834f52d61fd0b70332fc', 4),
(1287, 1454, 'محمد حسن هشام مصطفى محمد دغيم', 1, 26, 'أخصائى', 2, 'التدريب الخارجى', 27, 1, 1, '20eabe5d64b0e216796e834f52d61fd0b70332fc', 4),
(1288, 1455, 'لبنى محمد محمود متولى سالم', 1, 80, 'مهندس', 2, 'نظم و تكنولوجيا المعلومات', 1, 1, 1, 'f7c3bc1d808e04732adf679965ccc34ca7ae3441', 3),
(1289, 1456, 'احمد جلال محمد رشدى', 1, 6, 'مدير إدارة بإدارة سكرتارية رئيس مجلس الادارة و العضو المنتدب', 2, 'سكرتارية رئيس مجلس الادارة و العضو المنتدب', 11, 1, 1, '20eabe5d64b0e216796e834f52d61fd0b70332fc', 2),
(1290, 1458, 'احمد محمد احمد محمد احمد', 1, 76, 'مشغل اجهزة ورادى', 3, 'ازالة العطريات و الحزام الساخن', 5, 2, 1, '20eabe5d64b0e216796e834f52d61fd0b70332fc', 4),
(1291, 1459, 'عماد الدين احمد حسين جبر', 1, 85, 'عامل صيانة و انشاءات', 3, 'الصيانة و الخدمات المدنية', 14, 1, 1, '20eabe5d64b0e216796e834f52d61fd0b70332fc', 4),
(1292, 1460, 'اسلام مصطفى عبد العال السيد مصطفى', 1, 84, 'مشغل اجهزة الكترونية ورادى', 3, 'صيانة اجهزة التحكم الالى', 25, 1, 1, '20eabe5d64b0e216796e834f52d61fd0b70332fc', 4),
(1293, 1461, 'سامر احمد محمد احمد سرحان', 1, 81, 'محاسب \" تكرارى \"', 2, 'علاج العاملين و اسرهم', 21, 1, 1, '20eabe5d64b0e216796e834f52d61fd0b70332fc', 4),
(1294, 1462, 'محمد سعيد سلامة محمد', 1, 87, 'مراجع', 2, 'المراجعة', 1, 1, 1, '20eabe5d64b0e216796e834f52d61fd0b70332fc', 4),
(1295, 1463, 'محمد عطية محمد عيسى احمد', 1, 80, 'مهندس ورادى', 2, 'انتاج الغازات و تفريغ الكيماويات و مستلزمات الانتاج', 6, 2, 1, '20eabe5d64b0e216796e834f52d61fd0b70332fc', 4),
(1296, 1464, 'مايكل جورج نسيم باسيلى', 1, 76, 'مشغل اجهزة ورادى', 3, 'المرافق', 18, 1, 1, '20eabe5d64b0e216796e834f52d61fd0b70332fc', 4),
(1297, 1465, 'احمد حسن على جويده', 1, 76, 'مشغل اجهزة ورادى', 3, 'ازالة العطريات و الحزام الساخن', 5, 2, 1, '20eabe5d64b0e216796e834f52d61fd0b70332fc', 4),
(1298, 1466, 'محمود عطيه محمد عبد الحميد', 1, 26, 'أخصائى', 2, 'التدريب الداخلى', 27, 1, 1, '20eabe5d64b0e216796e834f52d61fd0b70332fc', 4),
(1299, 1467, 'مصطفى احمد عبد الصادق ملش', 1, 80, 'مهندس', 2, 'التخطيط و برامج الصيانة cmms', 13, 1, 1, '20eabe5d64b0e216796e834f52d61fd0b70332fc', 4),
(1300, 1468, 'وليد محمد فتح الله احمد غازى', 1, 76, 'مشغل اجهزة ورادى', 3, 'انتاج الغازات و تفريغ الكيماويات و مستلزمات الانتاج', 6, 2, 1, '20eabe5d64b0e216796e834f52d61fd0b70332fc', 4),
(1301, 1469, 'عمرو محمد عبد الرحمن السايح', 1, 73, 'كاتب', 3, 'السجلات و الملفات الطبية', 21, 1, 1, '20eabe5d64b0e216796e834f52d61fd0b70332fc', 4),
(1302, 1470, 'محمد منصور خضر خضر عبده', 1, 81, 'محاسب', 2, 'البنوك والنقد الاجنبى والجمارك', 7, 1, 1, '20eabe5d64b0e216796e834f52d61fd0b70332fc', 4),
(1303, 1471, 'محمد فاروق عبدالله سعد الفتيانى', 1, 88, 'تكنولوجى', 2, 'الدراسات و البرمجة الفنية', 2, 1, 1, '20eabe5d64b0e216796e834f52d61fd0b70332fc', 4),
(1304, 1472, 'محمد منصور محمد على سنهورى', 1, 76, 'مشغل اجهزة ورادى', 3, 'هدرجة الزيوت و الشموع', 6, 2, 1, '20eabe5d64b0e216796e834f52d61fd0b70332fc', 4),
(1305, 1473, 'عبد الغنى سلامة عبد الغنى موسى', 1, 76, 'مشغل اجهزة ورادى', 3, 'ازالة العطريات و الحزام الساخن', 5, 2, 1, '20eabe5d64b0e216796e834f52d61fd0b70332fc', 4),
(1306, 1474, 'احمد ماهر على الشرقاوى', 1, 76, 'مشغل اجهزة ورادى', 3, 'ازالة العطريات و الحزام الساخن', 5, 2, 1, '20eabe5d64b0e216796e834f52d61fd0b70332fc', 4),
(1307, 1475, 'احمد محمود محمد على', 1, 76, 'مشغل اجهزة ورادى', 3, 'انتاج الغازات و تفريغ الكيماويات و مستلزمات الانتاج', 6, 2, 1, '20eabe5d64b0e216796e834f52d61fd0b70332fc', 4),
(1308, 1476, 'محمد محمد جبر جابر', 1, 76, 'مشغل اجهزة ورادى', 3, 'انتاج الغازات و تفريغ الكيماويات و مستلزمات الانتاج', 6, 2, 1, '20eabe5d64b0e216796e834f52d61fd0b70332fc', 4),
(1309, 1477, 'محمد احمد محمود ناصر', 1, 76, 'مشغل اجهزة ورادى', 3, 'ازالة العطريات و الحزام الساخن', 5, 2, 1, '20eabe5d64b0e216796e834f52d61fd0b70332fc', 4),
(1310, 1478, 'على محمود على على سعيد', 1, 76, 'مشغل اجهزة ورادى', 3, 'ازالة العطريات و الحزام الساخن', 5, 2, 1, '20eabe5d64b0e216796e834f52d61fd0b70332fc', 4),
(1311, 1479, 'السيد فاروق السيد ابراهيم', 1, 6, 'مدير إدارة بإدارة النشاط الرياضى و المكتبة', 2, 'العلاقات العامة', 1, 1, 1, '20eabe5d64b0e216796e834f52d61fd0b70332fc', 2),
(1312, 1480, 'محمود محمد احمد قاسم', 1, 83, 'كهربائى', 3, 'الصيانة الكهربائية', 19, 1, 1, '20eabe5d64b0e216796e834f52d61fd0b70332fc', 4),
(1313, 1481, 'مهاب محمد وجيه على على', 1, 76, 'مشغل اجهزة ورادى', 3, 'هدرجة الزيوت و الشموع', 6, 2, 1, '20eabe5d64b0e216796e834f52d61fd0b70332fc', 4),
(1314, 1482, 'محمود جمال محمد نصار محمد', 1, 26, 'أخصائى', 2, 'المشتريات الخارجية', 22, 1, 1, '20eabe5d64b0e216796e834f52d61fd0b70332fc', 4),
(1315, 1483, 'محمد عبد الحميد السيد متولى محمد', 1, 80, 'مهندس', 2, 'الصيانة و الخدمات المدنية', 14, 1, 1, '20eabe5d64b0e216796e834f52d61fd0b70332fc', 4),
(1316, 1484, 'اسلام محمد المهدى على', 1, 26, 'أخصائى', 2, 'المشتريات المحلية', 22, 1, 1, '20eabe5d64b0e216796e834f52d61fd0b70332fc', 4),
(1317, 1485, 'احمد اسماعيل محمد احمد اسماعيل', 1, 21, 'ادارى بيانات و احصائيات ماهر', 2, 'سكرتارية شئون مجلس الإدارة', 11, 1, 1, '20eabe5d64b0e216796e834f52d61fd0b70332fc', 4),
(1318, 1486, 'احمد حسنى طه عبد الحميد الشرقاوى', 1, 73, 'كاتب \" تكرارى \"', 3, 'العلاقات العامة', 1, 1, 1, '20eabe5d64b0e216796e834f52d61fd0b70332fc', 4),
(1319, 1487, 'عماد الدين صديق السيد عبد الله هارون', 1, 73, 'كاتب', 3, 'العلاقات العامة', 1, 1, 1, '20eabe5d64b0e216796e834f52d61fd0b70332fc', 4),
(1320, 1488, 'محمد حسن ابراهيم حسن محمد هشه', 1, 75, 'عامل صيانة', 3, 'صيانة الاجهزة', 13, 1, 1, '20eabe5d64b0e216796e834f52d61fd0b70332fc', 4),
(1321, 1489, 'هبه نبيل محمود سالم غنيم', 1, 26, 'أخصائى', 2, 'التدريب الخارجى', 27, 1, 1, '20eabe5d64b0e216796e834f52d61fd0b70332fc', 4),
(1322, 1490, 'مروه ابراهيم محمود صقر', 1, 80, 'مهندس', 2, 'نظم و تكنولوجيا المعلومات', 1, 1, 1, '4b9939b25732319a96768490ee5b8b659057ab1f', 4),
(1323, 1491, 'ابراهيم محمد ابراهيم محمد ابو شعيشع', 1, 76, 'مشغل اجهزة ورادى', 3, 'المرافق', 18, 1, 1, '20eabe5d64b0e216796e834f52d61fd0b70332fc', 4),
(1324, 1492, 'احمد محمد حافظ احمد محمد عقاب', 1, 78, 'مندوب مشتريات', 3, 'المشتريات المحلية', 22, 1, 1, '20eabe5d64b0e216796e834f52d61fd0b70332fc', 4),
(1325, 1493, 'نهله حسيب ابراهيم السيد', 1, 89, 'طبيب', 2, 'الشئون الطبية', 21, 1, 1, '20eabe5d64b0e216796e834f52d61fd0b70332fc', 4),
(1326, 1494, 'احمد طارق عبد الخالق محمود غانم', 1, 81, 'محاسب', 2, 'حسابات الزيوت و الشموع و المنتجات الاخرى', 7, 1, 1, '20eabe5d64b0e216796e834f52d61fd0b70332fc', 4),
(1327, 1495, 'كريم محمد على محمد جاد الله', 1, 80, 'مهندس ورادى', 2, 'ازالة العطريات و الحزام الساخن', 5, 2, 1, '20eabe5d64b0e216796e834f52d61fd0b70332fc', 4),
(1328, 1496, 'مصطفى عبد المنعم جلبى إسماعيل جلبى', 1, 76, 'مشغل اجهزة ورادى', 3, 'الغلايات و المعالجة', 18, 1, 1, '20eabe5d64b0e216796e834f52d61fd0b70332fc', 4),
(1329, 1497, 'احمد خالد خليفه عامر', 1, 81, 'محاسب', 2, 'البنوك والنقد الاجنبى والجمارك', 7, 1, 1, '20eabe5d64b0e216796e834f52d61fd0b70332fc', 4),
(1330, 1498, 'كريم اسامه مهدى محمد ابراهيم عبد العال', 1, 90, 'طبيب اسنان ممتاز', 2, 'الشئون الطبية', 21, 1, 1, '20eabe5d64b0e216796e834f52d61fd0b70332fc', 4),
(1331, 1499, 'حسام محمد سعد محمد أبو النظر', 1, 26, 'أخصائى', 2, 'السجلات و الملفات الطبية', 21, 1, 1, '20eabe5d64b0e216796e834f52d61fd0b70332fc', 4),
(1332, 1500, 'محمد ابراهيم كامل محمد', 1, 74, 'مشغل معدات اطفاء ورادى', 3, 'مكافحة الحريق و تقليل الخسائر', 16, 2, 1, '20eabe5d64b0e216796e834f52d61fd0b70332fc', 4),
(1333, 1501, 'صبحى مصلحى صبحى النيدانى', 1, 74, 'مشغل معدات اطفاء ورادى', 3, 'مكافحة الحريق و تقليل الخسائر', 16, 2, 1, '20eabe5d64b0e216796e834f52d61fd0b70332fc', 4),
(1334, 1502, 'منير محمد نعمان على', 1, 74, 'مشغل معدات اطفاء ورادى', 3, 'مكافحة الحريق و تقليل الخسائر', 16, 2, 1, '20eabe5d64b0e216796e834f52d61fd0b70332fc', 4),
(1335, 1503, 'كريم صافى عبد الجليل ابراهيم', 1, 74, 'مشغل معدات اطفاء ورادى', 3, 'مكافحة الحريق و تقليل الخسائر', 16, 2, 1, '20eabe5d64b0e216796e834f52d61fd0b70332fc', 4),
(1336, 1504, 'باسم احمد امين السيد', 1, 91, 'سكرتير', 3, 'التدريب و تنمية الموارد البشرية', 27, 1, 1, '20eabe5d64b0e216796e834f52d61fd0b70332fc', 4),
(1337, 5289, 'جمال مصطفى طه مصطفى الزيات', 3, 72, 'مختبر', 3, 'تحاليل المنتجات و الناقلات', 15, 1, 1, '20eabe5d64b0e216796e834f52d61fd0b70332fc', 4),
(1338, 5293, 'احمد راضى محمد احمد', 3, 66, 'عامل خدمات', 4, 'المخازن', 22, 1, 1, '20eabe5d64b0e216796e834f52d61fd0b70332fc', 4),
(1339, 5294, 'نجلاء احمد محمد على الصباغ', 3, 91, 'سكرتير', 3, 'المهمات', 22, 1, 1, '20eabe5d64b0e216796e834f52d61fd0b70332fc', 4),
(1340, 5295, 'محمد نبيل محمود حسن', 3, 80, 'مهندس', 2, 'الهندسية', 4, 1, 1, '20eabe5d64b0e216796e834f52d61fd0b70332fc', 4),
(1341, 5296, 'شيماء فايز سليمان عبد العظيم', 3, 73, 'كاتب \" تكرارى \"', 3, 'السجلات و الملفات الطبية', 21, 1, 1, '20eabe5d64b0e216796e834f52d61fd0b70332fc', 4),
(1342, 5297, 'احمد هشام لطفى محمد حسن', 3, 80, 'مهندس', 2, 'التخطيط و برامج الصيانة cmms', 14, 1, 1, '7c222fb2927d828af22f592134e8932480637c0d', 4),
(1343, 5298, 'محمد احمد محمد فهيم الشريف', 3, 80, 'مهندس', 2, 'التخطيط و برامج الصيانة cmms', 4, 1, 1, '20eabe5d64b0e216796e834f52d61fd0b70332fc', 4),
(1344, 5299, 'حسين محمد البدرى محمد حسين', 3, 81, 'محاسب', 2, 'الموازنة والتكاليف', 7, 1, 1, '20eabe5d64b0e216796e834f52d61fd0b70332fc', 4),
(1345, 5300, 'اسراء اسامة شحاته محمد', 3, 26, 'أخصائى', 2, 'الاستثمار و الدراسات الفنية و الاقتصادية', 17, 1, 1, '20eabe5d64b0e216796e834f52d61fd0b70332fc', 4),
(1346, 5301, 'عيسى عبد المنعم عيسى مرسى', 3, 91, 'سكرتير', 3, 'السلامة والصحة المهنية وحماية البيئة', 16, 1, 1, '20eabe5d64b0e216796e834f52d61fd0b70332fc', 4),
(1347, 5302, 'كريم متولى حسن احمد', 3, 76, 'مشغل اجهزة ورادى', 3, 'انتاج السولار', 9, 2, 1, '20eabe5d64b0e216796e834f52d61fd0b70332fc', 4),
(1348, 4205, 'محمد محمود عبد الجليل عبد الرحمن', 2, 74, 'مشغل معدات اطفاء ورادى', 3, 'السلامة والصحة المهنية وحماية البيئة', 16, 2, 1, '20eabe5d64b0e216796e834f52d61fd0b70332fc', 4),
(1349, 4206, 'هدير مجدى محمد ابراهيم السيد', 2, 91, 'سكرتير', 3, 'المعامل الكيماوية', 15, 1, 1, '20eabe5d64b0e216796e834f52d61fd0b70332fc', 4),
(1350, 4207, 'شريف محمد سعد الدين طاهر خليل', 2, 76, 'مشغل اجهزة ورادى', 3, 'التغذية و التبريد و الترشيح و طلمبات الخلخلة', 5, 2, 1, '20eabe5d64b0e216796e834f52d61fd0b70332fc', 4),
(1351, 4208, 'محمد احمد عبد الهادى محمد', 2, 76, 'مشغل اجهزة ورادى', 3, 'ازالة العطريات و الحزام الساخن', 5, 2, 1, '20eabe5d64b0e216796e834f52d61fd0b70332fc', 4),
(1352, 4209, 'امجد عبد العظيم حسن رفاعى', 2, 76, 'مشغل اجهزة ورادى', 3, 'التغذية و التبريد و الترشيح و طلمبات الخلخلة', 5, 2, 1, '20eabe5d64b0e216796e834f52d61fd0b70332fc', 4),
(1353, 4210, 'عماد الدين محمد يونس الطيب', 2, 76, 'مشغل اجهزة ورادى', 3, 'حركة مواد تغذية الشركة', 3, 1, 1, '20eabe5d64b0e216796e834f52d61fd0b70332fc', 4),
(1354, 4211, 'محمد السيد محمد مصطفى عمر', 2, 75, 'عامل صيانة', 3, 'صيانة المعدات الدواره و التبريد و التكييف', 13, 1, 1, '20eabe5d64b0e216796e834f52d61fd0b70332fc', 4),
(1355, 4212, 'مصطفى محمد محمد احمد ادريس', 2, 75, 'عامل صيانة', 3, 'صيانة الاجهزة', 13, 1, 1, '20eabe5d64b0e216796e834f52d61fd0b70332fc', 4),
(1356, 4213, 'احمد محروس عبد الفتاح حسن', 2, 92, 'رسام', 3, 'المكتب الهندسى', 4, 1, 1, '20eabe5d64b0e216796e834f52d61fd0b70332fc', 4),
(1357, 4214, 'نهى رضا محمد عبد الصمد', 2, 26, 'أخصائى', 2, 'علاقات المستثمرين', 17, 1, 1, '8b15c4ad3814fcfb47f8ca7d4c2afd0bdb649ddc', 4),
(1358, 4215, 'احمد ياسر محمد عبد الرحيم على داود', 2, 80, 'مهندس', 2, 'صيانة الاجهزة', 13, 1, 1, '20eabe5d64b0e216796e834f52d61fd0b70332fc', 4),
(1359, 4216, 'ميار مجدى محمد عبد العزيز', 2, 26, 'أخصائى', 2, 'علاقات المستثمرين', 17, 1, 1, '20eabe5d64b0e216796e834f52d61fd0b70332fc', 4),
(1360, 7019, 'يسرى مصطفى محمد السيد', 4, 4, 'مدير إدارة', 2, 'الطبية', 21, 1, 1, '20eabe5d64b0e216796e834f52d61fd0b70332fc', 1),
(2048, 8004, 'اسلام محمد قاسم', 5, 86, 'سائق', 3, '', 16, 2, 1, '20eabe5d64b0e216796e834f52d61fd0b70332fc', 4),
(2049, 8000, 'سامح ابراهيم عبد الحميد', 5, 5, 'مدير عام مساعد', 2, 'التدريب الداخلي', 27, 1, 1, '20eabe5d64b0e216796e834f52d61fd0b70332fc', 2),
(2050, 8001, 'محمد احمد السيد احمد', 5, 86, 'سائق', 3, '', 16, 2, 1, '20eabe5d64b0e216796e834f52d61fd0b70332fc', 4),
(2051, 8002, 'هاني محمد محمد علي', 5, 86, 'سائق', 3, '', 16, 2, 1, '20eabe5d64b0e216796e834f52d61fd0b70332fc', 4),
(2052, 8003, 'اسلام محمد محمد عبدة', 5, 86, 'سائق', 3, '', 16, 2, 1, '20eabe5d64b0e216796e834f52d61fd0b70332fc', 4),
(2053, 8006, 'مروة ابراهيم جاد', 6, 7, 'رئيس قسم الحاسب الالي', 2, 'نظم و تكنزلوجيا المعلومات', 1, 1, 1, 'fe3d0c4947dd62e68225d93ab54b04edae0e0dc5', 4);

-- --------------------------------------------------------

--
-- Table structure for table `t_day_n`
--

CREATE TABLE `t_day_n` (
  `ID` int(11) NOT NULL,
  `day_n` varchar(20) NOT NULL COMMENT 'shift day or night'
) ENGINE=InnoDB DEFAULT CHARSET=utf8;

--
-- Dumping data for table `t_day_n`
--

INSERT INTO `t_day_n` (`ID`, `day_n`) VALUES
(1, 'نهارى'),
(2, 'ورادى');

-- --------------------------------------------------------

--
-- Table structure for table `t_job`
--

CREATE TABLE `t_job` (
  `ID` int(11) NOT NULL,
  `Job` varchar(250) NOT NULL
) ENGINE=InnoDB DEFAULT CHARSET=utf8;

--
-- Dumping data for table `t_job`
--

INSERT INTO `t_job` (`ID`, `Job`) VALUES
(1, 'رئيس مجلس الإدارة والعضو المنتدب'),
(2, 'مساعد رئيس الشركة'),
(3, 'مدير عام'),
(4, 'مدير إدارة'),
(5, 'مدير عام مساعد'),
(6, 'مدير إدارة بإدارة'),
(7, 'رئيس قسم'),
(8, 'ملاحظ ماهر'),
(9, 'مشرف أمن متقدم'),
(10, 'سباك متقدم'),
(11, 'ملاحظ'),
(12, 'رئيس قسم بقسم'),
(13, 'سباك'),
(14, 'نجار'),
(15, 'مشرف خدمات ادارية متقدم'),
(16, 'جلاب عينات متقدم'),
(17, 'مشرف تعبئة متقدم'),
(18, 'فنى صيانة ماهر'),
(19, 'مراقب ماهر '),
(20, 'مشرف خدمات ادارية'),
(21, 'ادارى ماهر'),
(22, 'مراقب امن صناعى ماهر'),
(23, 'فنى قيادة ونش شوكة ماهر'),
(24, 'فنى قيادة سيارات ماهر'),
(25, 'فنى اجهزة الكترونية ماهر'),
(26, 'أخصائى'),
(27, 'فنى كهرباء ماهر'),
(28, 'محلل كيميائى ماهر'),
(29, 'مراقب ترحيلات ماهر'),
(30, 'أخصائى أول'),
(31, 'مراقب مخازن ماهر'),
(32, 'مشرف أمن'),
(33, 'فنى ماهر'),
(34, 'جلاب عينات'),
(35, 'مشرف تعبئة'),
(36, 'رئيس عمال'),
(37, 'محلل كيميائى'),
(38, 'فنى قيادة سيارات'),
(39, 'فنى صيانة'),
(40, 'ادارى'),
(41, 'فنى تمريض ماهر'),
(42, 'مراقب تكرير'),
(43, 'فنى تمريض'),
(44, 'فنى اختبارات'),
(45, 'مهندس ممتاز'),
(46, 'مراقب مخازن'),
(47, 'فنى قيادة ونش شوكة'),
(48, 'أخصائى ممتاز'),
(49, 'مراقب ترحيلات'),
(50, 'محاسب ممتاز'),
(51, 'محاسب أول'),
(52, 'كيميائى ممتاز'),
(53, 'فنى كهرباء'),
(54, 'مساعد فنى'),
(55, 'مساعد مراقب تكرير'),
(56, 'حرفى'),
(57, 'مساعد محلل'),
(58, 'فنى اجهزة الكترونية'),
(59, 'مساعد فنى قيادة سيارات'),
(60, 'تكنولوجى ممتاز'),
(61, 'كيميائى أول'),
(62, 'مساعد ادارى'),
(63, 'مهندس أول'),
(64, 'صيدلى أول'),
(65, 'مراجع أول'),
(66, 'عامل خدمات'),
(67, 'مساعد مراقب'),
(68, 'تكنولوجى أول'),
(69, 'محامى أول'),
(70, 'كيميائى'),
(71, 'ممرض'),
(72, 'مختبر'),
(73, 'كاتب'),
(74, 'مشغل معدات اطفاء'),
(75, 'عامل صيانة'),
(76, 'مشغل اجهزة'),
(77, 'مساعد رسام انشائى'),
(78, 'مندوب مشتريات'),
(79, 'امين مخزن'),
(80, 'مهندس'),
(81, 'محاسب'),
(82, 'عامل خدمات معملية'),
(83, 'كهربائى'),
(84, 'مشغل اجهزة الكترونية'),
(85, 'عامل صيانة و انشاءات'),
(86, 'سائق ونش'),
(87, 'مراجع'),
(88, 'تكنولوجى'),
(89, 'طبيب'),
(90, 'طبيب اسنان ممتاز'),
(91, 'سكرتير'),
(92, 'رسام');

-- --------------------------------------------------------

--
-- Table structure for table `t_level`
--

CREATE TABLE `t_level` (
  `ID` int(11) NOT NULL,
  `level` varchar(100) NOT NULL
) ENGINE=InnoDB DEFAULT CHARSET=utf8;

--
-- Dumping data for table `t_level`
--

INSERT INTO `t_level` (`ID`, `level`) VALUES
(1, 'ادارة عليا'),
(2, 'الاول'),
(3, 'الثانى'),
(4, 'الثالث');

-- --------------------------------------------------------

--
-- Table structure for table `t_transe`
--

CREATE TABLE `t_transe` (
  `ID` int(11) NOT NULL,
  `emp_id` int(11) UNSIGNED DEFAULT NULL,
  `Mang_id` int(11) DEFAULT NULL,
  `trans_date` datetime NOT NULL DEFAULT CURRENT_TIMESTAMP,
  `id_case` int(11) UNSIGNED NOT NULL,
  `start_date` date NOT NULL,
  `end_date` date NOT NULL,
  `duration` float NOT NULL,
  `address` varchar(100) NOT NULL DEFAULT 'بالملف',
  `Manager_agree` int(2) DEFAULT '3',
  `topManager_agree` int(2) DEFAULT '3',
  `AdminConfirm` int(2) DEFAULT '3',
  `manager_id` int(11) UNSIGNED DEFAULT NULL,
  `top_manager_id` int(11) UNSIGNED DEFAULT NULL
) ENGINE=InnoDB DEFAULT CHARSET=utf8;

--
-- Dumping data for table `t_transe`
--

INSERT INTO `t_transe` (`ID`, `emp_id`, `Mang_id`, `trans_date`, `id_case`, `start_date`, `end_date`, `duration`, `address`, `Manager_agree`, `topManager_agree`, `AdminConfirm`, `manager_id`, `top_manager_id`) VALUES
(1, 993, 1, '2017-11-07 09:41:50', 1, '2017-11-07', '2017-11-08', 2, 'بالملف', 1, 1, 1, 98, 98),
(3, 929, 23, '2017-11-08 10:56:46', 1, '2017-12-01', '2017-12-02', 2, 'بالملف', 3, 3, 3, 0, 40),
(4, 929, 23, '2017-11-08 11:00:07', 1, '2017-12-01', '2017-12-01', 1, 'بالملف', 1, 1, 1, 40, 40),
(5, 988, 14, '2017-11-08 12:48:22', 1, '2017-11-01', '2017-11-02', 2, 'بالملف', 3, 3, 3, 16, 16),
(9, 106, 27, '2017-11-08 14:09:12', 1, '2017-11-09', '2017-11-09', 1, 'بالملف', 3, 3, 3, 2049, 1043),
(15, 1005, 20, '2017-11-09 11:56:10', 1, '2017-11-09', '2017-11-10', 2, 'بالملف', 1, 1, 1, 139, 94),
(16, 610, 20, '2017-11-09 12:22:25', 1, '2017-10-13', '2017-10-13', 1, 'بالملف', 3, 1, 1, 708, 94),
(17, 974, 20, '2017-11-09 12:30:53', 3, '2017-11-20', '2017-11-21', 2, 'بالملف', 1, 1, 1, 610, 94),
(18, 477, 20, '2017-11-09 12:36:56', 3, '2017-11-06', '2017-11-07', 2, 'بالملف', 3, 1, 1, 610, 94),
(22, 1219, 20, '2017-11-09 15:05:58', 2, '2017-11-07', '2017-11-07', 1, 'بالملف', 1, 3, 3, 477, 610),
(24, 1005, 20, '2017-11-12 09:11:13', 2, '2017-11-13', '2017-11-14', 2, 'بالملف', 1, 1, 1, 139, 94),
(25, 1219, 20, '2017-11-12 09:22:23', 1, '2017-11-07', '2017-11-07', 1, 'بالملف', 3, 3, 3, 610, 610),
(26, 1033, 1, '2017-11-12 14:40:56', 2, '2017-11-13', '2017-11-13', 1, 'بالملف', 3, 3, 3, 255, 167),
(27, 1030, 20, '2017-11-13 08:31:15', 1, '2017-11-06', '2017-11-06', 1, 'بالملف', 1, 1, 1, 139, 94),
(28, 1030, 20, '2017-11-13 08:31:47', 1, '2017-11-09', '2017-11-09', 1, 'بالملف', 1, 1, 1, 139, 94),
(31, 1251, 20, '2017-11-14 12:03:38', 1, '2017-11-09', '2017-11-09', 1, 'بالملف', 3, 1, 1, 94, 94),
(32, 1005, 20, '2017-11-14 12:51:35', 1, '2017-11-14', '2017-11-14', 1, 'بالملف', 2, 1, 1, 139, 94),
(33, 1005, 20, '2017-11-15 08:16:23', 2, '2017-11-14', '2017-11-15', 2, 'بالملف', 1, 3, 3, 139, 708),
(34, 1030, 20, '2017-11-15 11:29:43', 1, '2017-11-16', '2017-11-16', 1, 'بالملف', 1, 1, 1, 94, 94),
(35, 1251, 20, '2017-11-15 11:30:27', 1, '2017-11-16', '2017-11-16', 1, 'بالملف', 1, 1, 1, 94, 94),
(37, 1219, 20, '2017-11-15 12:45:05', 1, '2017-10-11', '2017-10-11', 1, 'بالملف', 3, 3, 3, 610, 708),
(38, 1219, 20, '2017-11-15 12:45:38', 2, '2017-10-26', '2017-10-26', 1, 'بالملف', 3, 3, 3, 610, 708),
(39, 1219, 20, '2017-11-16 10:24:44', 2, '2017-11-07', '2017-11-07', 1, 'بالملف', 3, 3, 3, 610, 708),
(40, 974, 20, '2017-11-16 10:25:54', 1, '2017-11-15', '2017-11-15', 1, 'بالملف', 3, 3, 3, 610, 94),
(41, 1030, 20, '2017-11-16 10:26:34', 1, '2017-11-16', '2017-11-16', 1, 'بالملف', 1, 3, 3, 139, 708),
(42, 1005, 20, '2017-11-16 11:41:34', 1, '2017-11-15', '2017-11-15', 1, 'بالملف', 1, 3, 3, 139, 708),
(43, 999, 1, '2017-11-19 09:01:28', 1, '2017-11-19', '2017-11-19', 1, 'بالملف', 1, 1, 1, 98, 98),
(44, 1005, 20, '2017-11-19 15:08:39', 1, '2017-11-19', '2017-11-19', 1, 'بالملف', 1, 3, 3, 139, 708),
(45, 680, 20, '2017-11-20 09:33:56', 1, '2017-11-22', '2017-11-22', 1, 'بالملف', 1, 3, 3, 139, 94),
(46, 158, 8, '2017-11-20 11:00:15', 1, '2017-11-20', '2017-11-19', 0, 'بالملف', 1, 3, 3, 139, 94),
(47, 1005, 20, '2017-11-22 08:05:48', 2, '2017-11-19', '2017-11-20', 2, 'بالملف', 1, 3, 3, 139, 708),
(49, 1030, 20, '2017-11-22 13:16:50', 1, '2017-11-23', '2017-11-23', 1, 'بالملف', 1, 3, 3, 232, 708),
(50, 1030, 20, '2017-11-22 13:35:48', 1, '2017-11-23', '2017-11-23', 1, 'بالملف', 1, 3, 3, 139, 94),
(51, 1005, 20, '2017-11-22 14:50:44', 1, '2017-11-23', '2017-11-23', 1, 'بالملف', 2, 3, 3, 139, 708),
(52, 632, 20, '2017-11-23 09:19:30', 3, '2017-11-23', '2017-11-24', 2, 'بالملف', 1, 3, 3, 139, 708),
(53, 1219, 20, '2017-11-26 09:10:15', 2, '2017-11-23', '2017-11-23', 1, 'بالملف', 3, 3, 3, 610, 708),
(54, 1030, 20, '2017-11-26 11:25:22', 1, '2017-11-23', '2017-11-23', 1, 'بالملف', 1, 3, 3, 139, 708),
(55, 1005, 20, '2017-11-26 11:26:49', 1, '2017-11-11', '2017-11-11', 1, 'بالملف', 1, 3, 3, 139, 708),
(56, 282, 1, '2017-11-26 11:35:40', 1, '2017-11-26', '2017-11-27', 2, 'بالملف', 2, 3, 3, 139, 234),
(57, 232, 20, '2017-11-26 13:41:11', 1, '2017-11-27', '2017-11-27', 1, 'بالملف', 3, 3, 3, 708, 94),
(58, 1030, 20, '2017-11-26 13:59:13', 1, '2017-11-29', '2017-11-29', 1, 'بالملف', 1, 3, 3, 232, 708),
(59, 1005, 20, '2017-11-27 08:16:25', 1, '2017-11-27', '2017-11-27', 1, 'بالملف', 2, 3, 3, 139, 708),
(61, 1030, 20, '2017-11-28 12:17:04', 1, '2017-11-29', '2017-11-29', 1, 'بالملف', 2, 3, 3, 139, 708),
(62, 1005, 20, '2017-11-28 12:27:54', 1, '2017-11-27', '2017-11-27', 1, 'بالملف', 1, 3, 3, 139, 708),
(63, 993, 1, '2017-12-05 08:30:47', 4, '2017-11-26', '2017-11-29', 4, 'بالملف', 3, 1, 1, NULL, 98),
(65, 477, 20, '2017-12-17 10:22:45', 3, '2017-12-13', '2017-12-14', 2, 'بالملف', 3, 3, 3, 708, 94),
(66, 1219, 20, '2017-12-17 10:49:00', 2, '2017-12-03', '2017-12-03', 1, 'بالملف', 1, 3, 3, 610, 708),
(67, 993, 1, '2017-12-17 13:28:12', 4, '2017-11-26', '2017-11-29', 4, 'بالملف', 3, 1, 1, NULL, 98),
(68, 993, 1, '2017-12-17 13:29:22', 4, '2017-12-06', '2017-12-07', 2, 'بالملف', 3, 1, 1, NULL, 98),
(69, 993, 1, '2017-12-17 13:29:50', 4, '2017-12-14', '2017-12-14', 1, 'بالملف', 3, 1, 1, NULL, 98),
(71, 990, 21, '2017-12-24 11:36:23', 2, '2017-12-20', '2017-12-22', 3, 'بالملف', 3, 3, 3, NULL, 63),
(72, 1229, 20, '2017-12-24 12:00:06', 1, '2017-12-29', '2017-12-30', 2, 'بالملف', 3, 1, 2, NULL, 990),
(73, 748, 22, '2017-12-25 10:57:34', 1, '2017-12-01', '2017-12-02', 2, 'بالملف', 3, 3, 3, NULL, 990),
(74, 929, 23, '2017-12-25 11:03:44', 2, '2017-11-07', '2017-12-29', 53, 'بالملف', 2, 1, 2, 748, 990),
(75, 929, 23, '2017-12-25 11:26:41', 1, '2017-12-01', '2017-12-30', 30, 'بالملف', 1, 3, 3, 748, 990),
(76, 993, 1, '2017-12-26 10:43:04', 4, '2017-12-21', '2017-12-21', 1, 'بالملف', 4, 1, 1, NULL, 98),
(77, 993, 1, '2017-12-26 10:43:26', 4, '2017-12-24', '2017-12-24', 1, 'بالملف', 4, 1, 1, NULL, 98),
(78, 1251, 20, '2017-12-27 08:46:17', 4, '2017-12-28', '2017-12-28', 1, 'بالملف', 2, 3, 3, 139, 94),
(79, 993, 1, '2018-01-01 09:13:35', 4, '2017-12-28', '2017-12-28', 1, 'بالملف', 4, 1, 1, NULL, 98),
(80, 993, 1, '2018-01-01 09:14:18', 4, '2017-12-31', '2017-12-31', 1, 'بالملف', 4, 1, 1, NULL, 98),
(81, 481, 20, '2018-01-08 08:50:12', 1, '2018-01-01', '2018-01-02', 2, 'بالملف', 4, 1, 1, NULL, 831),
(82, 1322, 1, '2018-01-11 09:45:20', 2, '2017-12-31', '2017-12-31', 1, 'بالملف', 4, 1, 1, NULL, 167),
(83, 1269, 1, '2018-01-11 09:49:58', 1, '2018-01-01', '2018-01-01', 1, 'بالملف', 4, 1, 1, NULL, 167),
(84, 1066, 1, '2018-01-11 09:53:43', 2, '2018-01-09', '2018-01-09', 1, 'بالملف', 4, 1, 1, NULL, 167),
(85, 1225, 1, '2018-01-11 09:58:14', 1, '2018-01-10', '2018-01-10', 1, 'بالملف', 4, 1, 1, NULL, 167),
(86, 869, 1, '2018-01-11 10:10:26', 1, '2018-01-03', '2018-01-04', 2, 'بالملف', 4, 1, 1, NULL, 167),
(87, 1234, 1, '2018-01-15 12:15:00', 2, '2018-01-14', '2018-01-14', 1, 'بالملف', 3, 3, 3, 255, 167),
(88, 1089, 1, '2018-01-17 08:30:07', 1, '2018-01-16', '2018-01-16', 1, 'بالملف', 4, 1, 1, NULL, 167),
(89, 1066, 1, '2018-01-17 08:43:58', 2, '2018-01-15', '2018-01-15', 1, 'بالملف', 4, 1, 1, NULL, 167),
(90, 98, 1, '2018-01-22 09:41:33', 1, '2018-01-18', '2018-01-18', 1, 'بالملف', 4, 1, 1, NULL, 20),
(91, 98, 1, '2018-01-22 09:42:02', 1, '2018-01-21', '2018-01-21', 1, 'بالملف', 4, 1, 1, NULL, 20),
(92, 999, 1, '2018-01-23 08:25:55', 1, '2018-01-22', '2018-01-22', 1, 'بالملف', 4, 1, 1, NULL, 98),
(93, 999, 1, '2018-01-29 10:02:49', 1, '2018-01-01', '2018-01-01', 1, 'بالملف', 4, 1, 1, NULL, 98),
(94, 999, 1, '2018-01-29 10:03:29', 1, '2018-01-04', '2018-01-04', 1, 'بالملف', 4, 1, 1, NULL, 98),
(95, 999, 1, '2018-01-29 10:04:07', 1, '2018-01-10', '2018-01-10', 1, 'بالملف', 4, 1, 1, NULL, 98),
(97, 1066, 1, '2018-01-29 13:44:08', 1, '2018-01-24', '2018-01-24', 1, 'بالملف', 4, 1, 1, NULL, 167),
(98, 1066, 1, '2018-01-31 10:16:23', 1, '2018-01-30', '2018-01-30', 1, 'بالملف', 4, 1, 1, NULL, 167),
(99, 98, 1, '2018-02-05 10:14:44', 1, '2018-02-04', '2018-02-04', 1, 'بالملف', 4, 1, 1, NULL, 20),
(100, 869, 1, '2018-02-06 09:02:27', 2, '2018-02-05', '2018-02-05', 1, 'بالملف', 4, 1, 1, NULL, 167),
(101, 1224, 20, '2018-02-06 14:19:14', 1, '2018-02-06', '2018-02-06', 1, 'بالملف', 3, 3, 3, 831, 63),
(102, 1224, 20, '2018-02-06 14:22:53', 1, '2018-02-07', '2018-02-07', 1, 'بالملف', 4, 2, 3, NULL, 63),
(103, 1066, 1, '2018-02-12 08:33:52', 2, '2018-02-11', '2018-02-11', 1, 'بالملف', 4, 1, 1, NULL, 167),
(104, 869, 1, '2018-02-12 08:45:11', 2, '2018-02-11', '2018-02-11', 1, 'بالملف', 4, 1, 1, NULL, 167),
(105, 1288, 1, '2018-02-13 12:37:42', 2, '2018-02-11', '2018-02-11', 1, 'بالملف', 4, 1, 1, NULL, 98),
(106, 993, 1, '2018-02-13 12:38:20', 4, '2018-02-11', '2018-02-11', 1, 'بالملف', 4, 1, 1, NULL, 98),
(107, 999, 1, '2018-02-13 12:38:59', 1, '2018-02-11', '2018-02-11', 1, 'بالملف', 4, 1, 1, NULL, 98),
(108, 1234, 1, '2018-02-15 09:06:15', 1, '2018-02-11', '2018-02-11', 1, 'بالملف', 3, 3, 3, 255, 167),
(109, 1234, 1, '2018-02-15 09:06:59', 2, '2018-02-13', '2018-02-13', 1, 'بالملف', 3, 3, 3, 255, 167),
(110, 1234, 1, '2018-02-15 09:25:19', 2, '2018-01-01', '2018-01-01', 1, 'بالملف', 3, 3, 3, 255, 167),
(111, 869, 1, '2018-02-18 11:25:42', 1, '2018-02-15', '2018-02-15', 1, 'بالملف', 4, 3, 3, NULL, 167),
(112, 869, 1, '2018-02-20 15:00:27', 1, '2018-02-19', '2018-02-19', 1, 'بالملف', 4, 3, 3, NULL, 167),
(113, 1234, 1, '2018-02-22 09:01:27', 1, '2018-02-21', '2018-02-21', 1, 'بالملف', 3, 3, 3, 255, 167),
(114, 999, 1, '2018-02-26 09:56:44', 2, '2018-02-25', '2018-02-25', 1, 'بالملف', 4, 1, 1, NULL, 98),
(115, 1288, 1, '2018-02-27 11:21:59', 2, '2018-02-18', '2018-02-18', 1, 'بالملف', 4, 1, 1, NULL, 98),
(116, 1066, 1, '2018-02-28 08:26:37', 2, '2018-02-25', '2018-02-25', 1, 'بالملف', 4, 3, 3, NULL, 167),
(117, 1066, 1, '2018-02-28 08:27:19', 2, '2018-02-27', '2018-02-27', 1, 'بالملف', 4, 3, 3, NULL, 167),
(118, 869, 1, '2018-02-28 13:24:48', 1, '2018-03-01', '2018-03-01', 1, 'بالملف', 4, 3, 3, NULL, 167),
(119, 98, 1, '2018-03-04 13:27:13', 1, '2018-02-28', '2018-03-01', 2, 'بالملف', 4, 1, 1, NULL, 20),
(120, 617, 20, '2018-03-05 10:58:09', 2, '2018-03-04', '2018-03-04', 1, 'بالملف', 3, 3, 3, 708, 94),
(121, 1288, 1, '2018-03-05 12:14:52', 1, '2018-03-01', '2018-03-01', 1, 'بالملف', 4, 1, 1, NULL, 98),
(122, 1342, 14, '2018-03-05 14:58:42', 1, '2018-03-05', '2018-03-05', 1, 'بالملف', 4, 1, 1, NULL, 24),
(123, 993, 1, '2018-03-06 09:32:38', 1, '2018-03-05', '2018-03-05', 1, 'بالملف', 4, 1, 1, NULL, 98),
(124, 20, 10, '2018-03-07 10:01:15', 4, '2018-03-08', '2018-03-08', 1, 'بالملف', 4, 3, 3, NULL, 1),
(125, 179, 10, '2018-03-07 10:02:21', 2, '2018-03-06', '2018-03-06', 1, 'بالملف', 4, 1, 1, NULL, 20),
(126, 1005, 20, '2018-03-08 09:14:22', 1, '0000-00-00', '0000-00-00', 1, 'بالملف', 1, 3, 3, 139, 708),
(127, 999, 1, '2018-03-13 09:01:57', 1, '2018-03-12', '2018-03-12', 1, 'بالملف', 4, 1, 1, NULL, 98),
(128, 993, 1, '2018-03-13 09:03:32', 1, '2018-03-11', '2018-03-11', 1, 'بالملف', 4, 1, 1, NULL, 98),
(129, 1288, 1, '2018-03-13 09:05:42', 2, '2018-03-12', '2018-03-12', 1, 'بالملف', 4, 1, 1, NULL, 98),
(130, 1089, 1, '2018-03-15 11:21:54', 1, '2018-03-14', '2018-03-14', 1, 'بالملف', 4, 3, 3, NULL, 167),
(131, 1005, 20, '2018-03-20 08:35:59', 1, '0000-00-00', '0000-00-00', 1, 'بالملف', 3, 3, 3, 139, 708),
(132, 1234, 1, '2018-03-25 11:29:28', 1, '2018-03-22', '2018-03-22', 1, 'بالملف', 3, 3, 3, 255, 167),
(133, 1288, 1, '2018-03-25 12:19:08', 1, '2018-03-18', '2018-03-18', 1, 'بالملف', 4, 1, 1, NULL, 98),
(134, 98, 1, '2018-03-25 13:28:18', 1, '2018-03-22', '2018-03-22', 1, 'بالملف', 4, 1, 1, NULL, 20),
(135, 999, 1, '2018-03-29 08:41:04', 2, '2018-03-28', '2018-03-28', 1, 'بالملف', 4, 1, 1, NULL, 98),
(136, 1065, 12, '2018-03-29 11:24:35', 2, '2018-03-28', '2018-03-28', 1, 'بالملف', 4, 3, 3, NULL, 14),
(137, 993, 1, '2018-04-01 09:55:12', 2, '2018-03-29', '2018-03-29', 1, 'بالملف', 4, 1, 1, NULL, 98),
(138, 1288, 1, '2018-04-03 08:53:23', 2, '2018-04-02', '2018-04-02', 1, 'بالملف', 4, 1, 1, NULL, 98),
(139, 993, 1, '2018-04-05 10:05:16', 1, '2018-04-04', '2018-04-04', 1, 'بالملف', 4, 1, 1, NULL, 98),
(140, 1089, 1, '2018-04-05 14:16:03', 1, '2018-04-02', '2018-04-02', 1, 'بالملف', 4, 3, 3, NULL, 167),
(141, 661, 10, '2018-04-08 12:35:57', 1, '2018-04-01', '2018-04-02', 2, 'بالملف', 4, 1, 1, NULL, 20),
(142, 999, 1, '2018-04-10 09:34:14', 1, '2018-04-08', '2018-04-08', 1, 'بالملف', 4, 1, 1, NULL, 98),
(143, 1117, 12, '2018-04-11 10:39:10', 3, '2018-04-08', '2018-04-08', 1, 'بالملف', 1, 3, 3, 170, 20),
(144, 1065, 12, '2018-04-11 10:40:05', 2, '2018-04-10', '2018-04-10', 1, 'بالملف', 1, 3, 3, 170, 20),
(145, 1065, 12, '2018-04-11 10:40:56', 1, '2018-04-11', '2018-04-11', 1, 'بالملف', 1, 3, 3, 170, 20),
(146, 170, 12, '2018-04-11 10:41:43', 1, '2018-04-08', '2018-04-08', 1, 'بالملف', 4, 1, 1, NULL, 20),
(147, 170, 12, '2018-04-11 10:42:08', 1, '2018-04-10', '2018-04-10', 1, 'بالملف', 4, 1, 1, NULL, 20),
(148, 999, 1, '2018-04-12 08:47:22', 1, '2018-04-11', '2018-04-11', 1, 'بالملف', 4, 1, 1, NULL, 98),
(149, 1089, 1, '2018-04-12 13:39:12', 2, '2018-04-10', '2018-04-10', 1, 'بالملف', 4, 3, 3, NULL, 167),
(150, 993, 1, '2018-04-15 09:46:52', 4, '2018-04-10', '2018-04-10', 1, 'بالملف', 4, 1, 3, NULL, 98),
(151, 999, 1, '2018-04-16 08:44:40', 1, '2018-04-15', '2018-04-15', 1, 'بالملف', 4, 1, 3, NULL, 98),
(152, 2053, 1, '2018-04-16 14:09:49', 1, '2018-04-10', '2018-04-10', 1, 'بالملف', 4, 1, 3, NULL, 98);

-- --------------------------------------------------------

--
-- Table structure for table `user_group`
--

CREATE TABLE `user_group` (
  `ID` int(11) NOT NULL,
  `userGroup` varchar(100) NOT NULL
) ENGINE=InnoDB DEFAULT CHARSET=utf8;

--
-- Dumping data for table `user_group`
--

INSERT INTO `user_group` (`ID`, `userGroup`) VALUES
(1, 'مدير مباشر'),
(2, 'مدير أعلى'),
(3, 'موظف استحقاقات'),
(4, 'موظف'),
(5, 'مدير و استحقاقات');

-- --------------------------------------------------------

--
-- Table structure for table `vac_status`
--

CREATE TABLE `vac_status` (
  `ID` int(11) NOT NULL,
  `status` char(10) NOT NULL
) ENGINE=InnoDB DEFAULT CHARSET=utf8;

--
-- Dumping data for table `vac_status`
--

INSERT INTO `vac_status` (`ID`, `status`) VALUES
(1, 'موافقة'),
(2, 'رفض'),
(3, 'معلق'),
(4, 'لا يوجد'),
(5, 'تم تعديلها'),
(6, 'تم الغائها');

-- --------------------------------------------------------

--
-- Structure for view `empdata`
--
DROP TABLE IF EXISTS `empdata`;

CREATE ALGORITHM=UNDEFINED DEFINER=`root`@`localhost` SQL SECURITY DEFINER VIEW `empdata`  AS  select `d`.`ID` AS `ID`,`d`.`emp_code` AS `emp_code`,`d`.`emp_name` AS `emp_name`,`d`.`desc_job` AS `desc_job`,`d`.`management` AS `management`,`a`.`active` AS `activeStatus`,`dn`.`day_n` AS `shift`,`m`.`Management` AS `g_management`,`j`.`Job` AS `job`,`l`.`level` AS `level`,`c`.`contractType` AS `contract` from ((((((`t_data` `d` left join `t_active` `a` on((`d`.`active` = `a`.`ID`))) left join `t_day_n` `dn` on((`d`.`day_night` = `dn`.`ID`))) left join `managements` `m` on((`d`.`g_management_id` = `m`.`ID`))) left join `t_job` `j` on((`d`.`id_job` = `j`.`ID`))) left join `t_level` `l` on((`d`.`level_id` = `l`.`ID`))) left join `contract` `c` on((`d`.`contract_type` = `c`.`ID`))) ;

--
-- Indexes for dumped tables
--

--
-- Indexes for table `contract`
--
ALTER TABLE `contract`
  ADD PRIMARY KEY (`ID`);

--
-- Indexes for table `managements`
--
ALTER TABLE `managements`
  ADD PRIMARY KEY (`ID`);

--
-- Indexes for table `t_active`
--
ALTER TABLE `t_active`
  ADD PRIMARY KEY (`ID`);

--
-- Indexes for table `t_case`
--
ALTER TABLE `t_case`
  ADD PRIMARY KEY (`ID`);

--
-- Indexes for table `t_data`
--
ALTER TABLE `t_data`
  ADD PRIMARY KEY (`ID`),
  ADD UNIQUE KEY `emp_code` (`emp_code`),
  ADD KEY `FK_shift` (`day_night`),
  ADD KEY `FK_active` (`active`),
  ADD KEY `FK_UserGroup` (`id_userGroup`),
  ADD KEY `FK_GManagement` (`g_management_id`),
  ADD KEY `FK_job` (`id_job`),
  ADD KEY `FK_Level` (`level_id`),
  ADD KEY `FK_ContractType` (`contract_type`);

--
-- Indexes for table `t_day_n`
--
ALTER TABLE `t_day_n`
  ADD PRIMARY KEY (`ID`);

--
-- Indexes for table `t_job`
--
ALTER TABLE `t_job`
  ADD PRIMARY KEY (`ID`);

--
-- Indexes for table `t_level`
--
ALTER TABLE `t_level`
  ADD PRIMARY KEY (`ID`);

--
-- Indexes for table `t_transe`
--
ALTER TABLE `t_transe`
  ADD PRIMARY KEY (`ID`),
  ADD KEY `FK_case` (`id_case`),
  ADD KEY `FK_manager` (`manager_id`),
  ADD KEY `FK_topManager` (`top_manager_id`),
  ADD KEY `FK_topManagerAgree` (`topManager_agree`),
  ADD KEY `FK_adminConfirm` (`AdminConfirm`),
  ADD KEY `FK_empID` (`emp_id`),
  ADD KEY `FK_managID` (`Mang_id`),
  ADD KEY `FK_ManagerAgree` (`Manager_agree`);

--
-- Indexes for table `user_group`
--
ALTER TABLE `user_group`
  ADD PRIMARY KEY (`ID`);

--
-- Indexes for table `vac_status`
--
ALTER TABLE `vac_status`
  ADD PRIMARY KEY (`ID`);

--
-- AUTO_INCREMENT for dumped tables
--

--
-- AUTO_INCREMENT for table `contract`
--
ALTER TABLE `contract`
  MODIFY `ID` int(11) NOT NULL AUTO_INCREMENT, AUTO_INCREMENT=7;
--
-- AUTO_INCREMENT for table `managements`
--
ALTER TABLE `managements`
  MODIFY `ID` int(11) NOT NULL AUTO_INCREMENT, AUTO_INCREMENT=30;
--
-- AUTO_INCREMENT for table `t_active`
--
ALTER TABLE `t_active`
  MODIFY `ID` int(11) NOT NULL AUTO_INCREMENT, AUTO_INCREMENT=3;
--
-- AUTO_INCREMENT for table `t_case`
--
ALTER TABLE `t_case`
  MODIFY `ID` int(2) UNSIGNED NOT NULL AUTO_INCREMENT, AUTO_INCREMENT=9;
--
-- AUTO_INCREMENT for table `t_data`
--
ALTER TABLE `t_data`
  MODIFY `ID` int(11) UNSIGNED NOT NULL AUTO_INCREMENT, AUTO_INCREMENT=2054;
--
-- AUTO_INCREMENT for table `t_day_n`
--
ALTER TABLE `t_day_n`
  MODIFY `ID` int(11) NOT NULL AUTO_INCREMENT, AUTO_INCREMENT=3;
--
-- AUTO_INCREMENT for table `t_job`
--
ALTER TABLE `t_job`
  MODIFY `ID` int(11) NOT NULL AUTO_INCREMENT, AUTO_INCREMENT=93;
--
-- AUTO_INCREMENT for table `t_level`
--
ALTER TABLE `t_level`
  MODIFY `ID` int(11) NOT NULL AUTO_INCREMENT, AUTO_INCREMENT=5;
--
-- AUTO_INCREMENT for table `t_transe`
--
ALTER TABLE `t_transe`
  MODIFY `ID` int(11) NOT NULL AUTO_INCREMENT, AUTO_INCREMENT=153;
--
-- AUTO_INCREMENT for table `user_group`
--
ALTER TABLE `user_group`
  MODIFY `ID` int(11) NOT NULL AUTO_INCREMENT, AUTO_INCREMENT=6;
--
-- AUTO_INCREMENT for table `vac_status`
--
ALTER TABLE `vac_status`
  MODIFY `ID` int(11) NOT NULL AUTO_INCREMENT, AUTO_INCREMENT=7;
/*!40101 SET CHARACTER_SET_CLIENT=@OLD_CHARACTER_SET_CLIENT */;
/*!40101 SET CHARACTER_SET_RESULTS=@OLD_CHARACTER_SET_RESULTS */;
/*!40101 SET COLLATION_CONNECTION=@OLD_COLLATION_CONNECTION */;
